fit_prefix,assignment,amp,amp_err,center_x,init_center_x,center_y,init_center_y,sigma_x,sigma_y,clustid,memcnt,plane,x_radius,y_radius,x_radius_ppm,y_radius_ppm,lineshape,aic,chisqr,redchi,residual_sum,fraction,height,height_err,fwhm_x,fwhm_y,center_x_ppm,center_y_ppm,init_center_x_ppm,init_center_y_ppm,sigma_x_ppm,sigma_y_ppm,fwhm_x_ppm,fwhm_y_ppm,fwhm_x_hz,fwhm_y_hz
_I529_,I529,29773078327.9281,208716427.0445,563.3552,563.2729,69.2836,69.9600,2.3063,1.1792,57,1,0,5.1088,6.3988,0.0350,0.3500,PV,-505.1468,0.7490,0.0073,-2.6738,0.2173,2088998105.2408,14644378.2476,4.6127,2.3583,0.4822,13.5442,0.4825,13.5125,0.0091,0.0553,0.0182,0.1105,18.1636,27.8034
_I529_,I529,887885888.5074,78866989.9957,563.3552,563.2729,69.2836,69.9600,2.3063,1.1792,57,1,1,5.1088,6.3988,0.0350,0.3500,PV,-705.6288,0.1069,0.0010,0.0868,0.2173,62297620.6334,5533623.0554,4.6127,2.3583,0.4822,13.5442,0.4825,13.5125,0.0091,0.0553,0.0182,0.1105,18.1636,27.8034
_I529_,I529,28804061007.0593,237824475.9870,563.3552,563.2729,69.2836,69.9600,2.3063,1.1792,57,1,2,5.1088,6.3988,0.0350,0.3500,PV,-478.2522,0.9725,0.0095,-2.5673,0.2173,2021007979.2302,16686715.2346,4.6127,2.3583,0.4822,13.5442,0.4825,13.5125,0.0091,0.0553,0.0182,0.1105,18.1636,27.8034
_I529_,I529,1959116542.2436,57280403.2660,563.3552,563.2729,69.2836,69.9600,2.3063,1.1792,57,1,3,5.1088,6.3988,0.0350,0.3500,PV,-771.5085,0.0564,0.0006,1.0044,0.2173,137459442.3733,4019021.9020,4.6127,2.3583,0.4822,13.5442,0.4825,13.5125,0.0091,0.0553,0.0182,0.1105,18.1636,27.8034
_I529_,I529,27978012225.4333,212384558.6194,563.3552,563.2729,69.2836,69.9600,2.3063,1.1792,57,1,4,5.1088,6.3988,0.0350,0.3500,PV,-501.5579,0.7756,0.0076,-2.6913,0.2173,1963049097.0264,14901749.0114,4.6127,2.3583,0.4822,13.5442,0.4825,13.5125,0.0091,0.0553,0.0182,0.1105,18.1636,27.8034
_I529_,I529,2889606716.9055,75043151.6364,563.3552,563.2729,69.2836,69.9600,2.3063,1.1792,57,1,5,5.1088,6.3988,0.0350,0.3500,PV,-715.8669,0.0968,0.0009,-1.1853,0.2173,202746349.9078,5265327.2817,4.6127,2.3583,0.4822,13.5442,0.4825,13.5125,0.0091,0.0553,0.0182,0.1105,18.1636,27.8034
_I529_,I529,25713239459.4564,200800548.8573,563.3552,563.2729,69.2836,69.9600,2.3063,1.1792,57,1,6,5.1088,6.3988,0.0350,0.3500,PV,-513.1117,0.6933,0.0068,-2.0252,0.2173,1804143593.0400,14088968.6137,4.6127,2.3583,0.4822,13.5442,0.4825,13.5125,0.0091,0.0553,0.0182,0.1105,18.1636,27.8034
_I529_,I529,4035974618.7910,53090740.2996,563.3552,563.2729,69.2836,69.9600,2.3063,1.1792,57,1,7,5.1088,6.3988,0.0350,0.3500,PV,-787.1554,0.0485,0.0005,-0.7551,0.2173,283180101.1166,3725058.4125,4.6127,2.3583,0.4822,13.5442,0.4825,13.5125,0.0091,0.0553,0.0182,0.1105,18.1636,27.8034
_I529_,I529,25195373334.5400,182860626.0949,563.3552,563.2729,69.2836,69.9600,2.3063,1.1792,57,1,8,5.1088,6.3988,0.0350,0.3500,PV,-532.3908,0.5749,0.0056,-2.1271,0.2173,1767808037.0789,12830231.9709,4.6127,2.3583,0.4822,13.5442,0.4825,13.5125,0.0091,0.0553,0.0182,0.1105,18.1636,27.8034
_I529_,I529,5103718036.5702,66573325.7926,563.3552,563.2729,69.2836,69.9600,2.3063,1.1792,57,1,9,5.1088,6.3988,0.0350,0.3500,PV,-740.5373,0.0762,0.0007,-0.3095,0.2173,358097244.4518,4671050.4674,4.6127,2.3583,0.4822,13.5442,0.4825,13.5125,0.0091,0.0553,0.0182,0.1105,18.1636,27.8034
_I529_,I529,21970401827.3038,179588980.2081,563.3552,563.2729,69.2836,69.9600,2.3063,1.1792,57,1,10,5.1088,6.3988,0.0350,0.3500,PV,-536.1098,0.5545,0.0054,-1.9073,0.2173,1541531153.8534,12600680.2268,4.6127,2.3583,0.4822,13.5442,0.4825,13.5125,0.0091,0.0553,0.0182,0.1105,18.1636,27.8034
_I529_,I529,6179129590.5370,62780375.9833,563.3552,563.2729,69.2836,69.9600,2.3063,1.1792,57,1,11,5.1088,6.3988,0.0350,0.3500,PV,-752.6216,0.0678,0.0007,-0.6054,0.2173,433552414.8526,4404921.9577,4.6127,2.3583,0.4822,13.5442,0.4825,13.5125,0.0091,0.0553,0.0182,0.1105,18.1636,27.8034
_I529_,I529,21561406314.9565,142821955.0784,563.3552,563.2729,69.2836,69.9600,2.3063,1.1792,57,1,12,5.1088,6.3988,0.0350,0.3500,PV,-583.2986,0.3507,0.0034,-1.0228,0.2173,1512834394.9581,10020958.8763,4.6127,2.3583,0.4822,13.5442,0.4825,13.5125,0.0091,0.0553,0.0182,0.1105,18.1636,27.8034
_I529_,I529,7446406090.5501,93346656.5403,563.3552,563.2729,69.2836,69.9600,2.3063,1.1792,57,1,13,5.1088,6.3988,0.0350,0.3500,PV,-670.9060,0.1498,0.0015,-0.1024,0.2173,522469596.2803,6549574.2998,4.6127,2.3583,0.4822,13.5442,0.4825,13.5125,0.0091,0.0553,0.0182,0.1105,18.1636,27.8034
_I529_,I529,19068110532.8503,152290412.8481,563.3552,563.2729,69.2836,69.9600,2.3063,1.1792,57,1,14,5.1088,6.3988,0.0350,0.3500,PV,-570.0754,0.3988,0.0039,0.0035,0.2173,1337894803.3157,10685303.6956,4.6127,2.3583,0.4822,13.5442,0.4825,13.5125,0.0091,0.0553,0.0182,0.1105,18.1636,27.8034
_I529_,I529,7386319975.5889,74875105.1913,563.3552,563.2729,69.2836,69.9600,2.3063,1.1792,57,1,15,5.1088,6.3988,0.0350,0.3500,PV,-716.3287,0.0964,0.0009,0.9639,0.2173,518253714.4382,5253536.4718,4.6127,2.3583,0.4822,13.5442,0.4825,13.5125,0.0091,0.0553,0.0182,0.1105,18.1636,27.8034
_I529_,I529,17415687532.0486,124502443.2971,563.3552,563.2729,69.2836,69.9600,2.3063,1.1792,57,1,16,5.1088,6.3988,0.0350,0.3500,PV,-611.5769,0.2665,0.0026,-0.3157,0.2173,1221954204.9097,8735588.7517,4.6127,2.3583,0.4822,13.5442,0.4825,13.5125,0.0091,0.0553,0.0182,0.1105,18.1636,27.8034
_I529_,I529,8782893262.6507,96740209.2457,563.3552,563.2729,69.2836,69.9600,2.3063,1.1792,57,1,17,5.1088,6.3988,0.0350,0.3500,PV,-663.5500,0.1609,0.0016,0.2257,0.2173,616242874.9264,6787679.5133,4.6127,2.3583,0.4822,13.5442,0.4825,13.5125,0.0091,0.0553,0.0182,0.1105,18.1636,27.8034
_I529_,I529,16178761042.4806,129920358.2950,563.3552,563.2729,69.2836,69.9600,2.3063,1.1792,57,1,18,5.1088,6.3988,0.0350,0.3500,PV,-602.8021,0.2902,0.0028,-1.3285,0.2173,1135166501.4492,9115731.3101,4.6127,2.3583,0.4822,13.5442,0.4825,13.5125,0.0091,0.0553,0.0182,0.1105,18.1636,27.8034
_I529_,I529,9873238042.7489,88342414.7463,563.3552,563.2729,69.2836,69.9600,2.3063,1.1792,57,1,19,5.1088,6.3988,0.0350,0.3500,PV,-682.2566,0.1342,0.0013,-0.3886,0.2173,692745820.1239,6198456.7059,4.6127,2.3583,0.4822,13.5442,0.4825,13.5125,0.0091,0.0553,0.0182,0.1105,18.1636,27.8034
_I529_,I529,15536925823.7713,129844003.7629,563.3552,563.2729,69.2836,69.9600,2.3063,1.1792,57,1,20,5.1088,6.3988,0.0350,0.3500,PV,-602.9232,0.2899,0.0028,0.1297,0.2173,1090132778.6681,9110373.9711,4.6127,2.3583,0.4822,13.5442,0.4825,13.5125,0.0091,0.0553,0.0182,0.1105,18.1636,27.8034
_I529_,I529,10439115620.6062,76885947.4066,563.3552,563.2729,69.2836,69.9600,2.3063,1.1792,57,1,21,5.1088,6.3988,0.0350,0.3500,PV,-710.8694,0.1016,0.0010,-0.3456,0.2173,732450051.4070,5394625.1940,4.6127,2.3583,0.4822,13.5442,0.4825,13.5125,0.0091,0.0553,0.0182,0.1105,18.1636,27.8034
_I529_,I529,14861106773.0630,114449758.1241,563.3552,563.2729,69.2836,69.9600,2.3063,1.1792,57,1,22,5.1088,6.3988,0.0350,0.3500,PV,-628.9200,0.2252,0.0022,-0.2837,0.2173,1042714614.4841,8030252.2041,4.6127,2.3583,0.4822,13.5442,0.4825,13.5125,0.0091,0.0553,0.0182,0.1105,18.1636,27.8034
_I529_,I529,10878084919.5721,72238873.4599,563.3552,563.2729,69.2836,69.9600,2.3063,1.1792,57,1,23,5.1088,6.3988,0.0350,0.3500,PV,-723.7124,0.0897,0.0009,-0.5840,0.2173,763249890.9029,5068567.9230,4.6127,2.3583,0.4822,13.5442,0.4825,13.5125,0.0091,0.0553,0.0182,0.1105,18.1636,27.8034
_I529_,I529,14278042722.3636,111664032.1956,563.3552,563.2729,69.2836,69.9600,2.3063,1.1792,57,1,24,5.1088,6.3988,0.0350,0.3500,PV,-633.9961,0.2144,0.0021,-1.0646,0.2173,1001804511.6143,7834794.5453,4.6127,2.3583,0.4822,13.5442,0.4825,13.5125,0.0091,0.0553,0.0182,0.1105,18.1636,27.8034
_I529_,I529,11343847689.8091,66240976.2800,563.3552,563.2729,69.2836,69.9600,2.3063,1.1792,57,1,25,5.1088,6.3988,0.0350,0.3500,PV,-741.5683,0.0754,0.0007,-0.8980,0.2173,795929667.3708,4647731.4980,4.6127,2.3583,0.4822,13.5442,0.4825,13.5125,0.0091,0.0553,0.0182,0.1105,18.1636,27.8034
_I529_,I529,13349749736.7531,106471801.0131,563.3552,563.2729,69.2836,69.9600,2.3063,1.1792,57,1,26,5.1088,6.3988,0.0350,0.3500,PV,-643.8046,0.1949,0.0019,-0.4392,0.2173,936671767.6404,7470486.8650,4.6127,2.3583,0.4822,13.5442,0.4825,13.5125,0.0091,0.0553,0.0182,0.1105,18.1636,27.8034
_I529_,I529,10995875621.3521,80135672.5565,563.3552,563.2729,69.2836,69.9600,2.3063,1.1792,57,1,27,5.1088,6.3988,0.0350,0.3500,PV,-702.3414,0.1104,0.0011,-1.4961,0.2173,771514557.0595,5622638.8917,4.6127,2.3583,0.4822,13.5442,0.4825,13.5125,0.0091,0.0553,0.0182,0.1105,18.1636,27.8034
_I514_,I514,23698145897.7367,150975050.2713,613.5767,613.4141,45.2626,45.6336,3.2300,1.3340,58,1,0,5.1088,6.3988,0.0350,0.3500,PV,-654.5302,0.1756,0.0017,-1.4566,0.4443,890758990.5018,5674806.1199,6.4599,2.6680,0.2845,14.6702,0.2851,14.6528,0.0127,0.0625,0.0254,0.1251,25.4376,31.4546
_I514_,I514,1096472753.2013,60808697.0007,613.5767,613.4141,45.2626,45.6336,3.2300,1.3340,58,1,1,5.1088,6.3988,0.0350,0.3500,PV,-841.8628,0.0285,0.0003,-0.0988,0.4443,41213897.7863,2285659.5528,6.4599,2.6680,0.2845,14.6702,0.2851,14.6528,0.0127,0.0625,0.0254,0.1251,25.4376,31.4546
_I514_,I514,22564684456.1669,105833698.0028,613.5767,613.4141,45.2626,45.6336,3.2300,1.3340,58,1,2,5.1088,6.3988,0.0350,0.3500,PV,-727.7108,0.0863,0.0008,-0.3430,0.4443,848154772.6941,3978046.1476,6.4599,2.6680,0.2845,14.6702,0.2851,14.6528,0.0127,0.0625,0.0254,0.1251,25.4376,31.4546
_I514_,I514,1352751949.1155,110838754.6092,613.5767,613.4141,45.2626,45.6336,3.2300,1.3340,58,1,3,5.1088,6.3988,0.0350,0.3500,PV,-718.1920,0.0947,0.0009,0.1249,0.4443,50846845.3943,4166174.7544,6.4599,2.6680,0.2845,14.6702,0.2851,14.6528,0.0127,0.0625,0.0254,0.1251,25.4376,31.4546
_I514_,I514,20227347573.7083,134284130.3173,613.5767,613.4141,45.2626,45.6336,3.2300,1.3340,58,1,4,5.1088,6.3988,0.0350,0.3500,PV,-678.6644,0.1389,0.0014,-0.7706,0.4443,760299636.2262,5047432.6928,6.4599,2.6680,0.2845,14.6702,0.2851,14.6528,0.0127,0.0625,0.0254,0.1251,25.4376,31.4546
_I514_,I514,2016669564.8378,105903285.7009,613.5767,613.4141,45.2626,45.6336,3.2300,1.3340,58,1,5,5.1088,6.3988,0.0350,0.3500,PV,-727.5754,0.0864,0.0008,-1.1438,0.4443,75801986.9361,3980661.7897,6.4599,2.6680,0.2845,14.6702,0.2851,14.6528,0.0127,0.0625,0.0254,0.1251,25.4376,31.4546
_I514_,I514,19445595022.0757,122737077.0894,613.5767,613.4141,45.2626,45.6336,3.2300,1.3340,58,1,6,5.1088,6.3988,0.0350,0.3500,PV,-697.1866,0.1161,0.0011,-0.5104,0.4443,730915349.5095,4613405.4266,6.4599,2.6680,0.2845,14.6702,0.2851,14.6528,0.0127,0.0625,0.0254,0.1251,25.4376,31.4546
_I514_,I514,3285464051.5335,89723292.8722,613.5767,613.4141,45.2626,45.6336,3.2300,1.3340,58,1,7,5.1088,6.3988,0.0350,0.3500,PV,-761.7293,0.0620,0.0006,-0.0488,0.4443,123493063.7402,3372492.9422,6.4599,2.6680,0.2845,14.6702,0.2851,14.6528,0.0127,0.0625,0.0254,0.1251,25.4376,31.4546
_I514_,I514,15659451521.3190,109662843.6511,613.5767,613.4141,45.2626,45.6336,3.2300,1.3340,58,1,8,5.1088,6.3988,0.0350,0.3500,PV,-720.3892,0.0927,0.0009,0.2468,0.4443,588602892.7805,4121974.9565,6.4599,2.6680,0.2845,14.6702,0.2851,14.6528,0.0127,0.0625,0.0254,0.1251,25.4376,31.4546
_I514_,I514,3766630600.3925,82735779.6833,613.5767,613.4141,45.2626,45.6336,3.2300,1.3340,58,1,9,5.1088,6.3988,0.0350,0.3500,PV,-778.4314,0.0527,0.0005,-0.5600,0.4443,141579011.5259,3109848.3361,6.4599,2.6680,0.2845,14.6702,0.2851,14.6528,0.0127,0.0625,0.0254,0.1251,25.4376,31.4546
_I514_,I514,13931883406.1883,95853266.4561,613.5767,613.4141,45.2626,45.6336,3.2300,1.3340,58,1,10,5.1088,6.3988,0.0350,0.3500,PV,-748.1151,0.0708,0.0007,-0.8101,0.4443,523667566.7471,3602904.5999,6.4599,2.6680,0.2845,14.6702,0.2851,14.6528,0.0127,0.0625,0.0254,0.1251,25.4376,31.4546
_I514_,I514,4720643450.0136,129563074.5616,613.5767,613.4141,45.2626,45.6336,3.2300,1.3340,58,1,11,5.1088,6.3988,0.0350,0.3500,PV,-686.0372,0.1293,0.0013,-0.4784,0.4443,177438168.0406,4869979.0271,6.4599,2.6680,0.2845,14.6702,0.2851,14.6528,0.0127,0.0625,0.0254,0.1251,25.4376,31.4546
_I514_,I514,12222922193.3607,93570911.8889,613.5767,613.4141,45.2626,45.6336,3.2300,1.3340,58,1,12,5.1088,6.3988,0.0350,0.3500,PV,-753.0795,0.0675,0.0007,0.0063,0.4443,459431631.5261,3517116.1227,6.4599,2.6680,0.2845,14.6702,0.2851,14.6528,0.0127,0.0625,0.0254,0.1251,25.4376,31.4546
_I514_,I514,4353725378.7751,96667902.3561,613.5767,613.4141,45.2626,45.6336,3.2300,1.3340,58,1,13,5.1088,6.3988,0.0350,0.3500,PV,-746.3718,0.0720,0.0007,-0.2849,0.4443,163646558.6825,3633524.8963,6.4599,2.6680,0.2845,14.6702,0.2851,14.6528,0.0127,0.0625,0.0254,0.1251,25.4376,31.4546
_I514_,I514,10891493053.5062,105231750.2136,613.5767,613.4141,45.2626,45.6336,3.2300,1.3340,58,1,14,5.1088,6.3988,0.0350,0.3500,PV,-728.8858,0.0853,0.0008,-0.5730,0.4443,409386261.6621,3955420.3098,6.4599,2.6680,0.2845,14.6702,0.2851,14.6528,0.0127,0.0625,0.0254,0.1251,25.4376,31.4546
_I514_,I514,5296205605.4204,77966371.7623,613.5767,613.4141,45.2626,45.6336,3.2300,1.3340,58,1,15,5.1088,6.3988,0.0350,0.3500,PV,-790.6626,0.0468,0.0005,0.3980,0.4443,199072230.3311,2930577.2234,6.4599,2.6680,0.2845,14.6702,0.2851,14.6528,0.0127,0.0625,0.0254,0.1251,25.4376,31.4546
_I514_,I514,8038672261.6423,83108261.0949,613.5767,613.4141,45.2626,45.6336,3.2300,1.3340,58,1,16,5.1088,6.3988,0.0350,0.3500,PV,-777.5061,0.0532,0.0005,0.5304,0.4443,302155266.4776,3123849.0587,6.4599,2.6680,0.2845,14.6702,0.2851,14.6528,0.0127,0.0625,0.0254,0.1251,25.4376,31.4546
_I514_,I514,4806791387.5556,89946684.6659,613.5767,613.4141,45.2626,45.6336,3.2300,1.3340,58,1,17,5.1088,6.3988,0.0350,0.3500,PV,-761.2170,0.0623,0.0006,0.3398,0.4443,180676271.5703,3380889.7277,6.4599,2.6680,0.2845,14.6702,0.2851,14.6528,0.0127,0.0625,0.0254,0.1251,25.4376,31.4546
_I514_,I514,7193835217.2742,102783626.6712,613.5767,613.4141,45.2626,45.6336,3.2300,1.3340,58,1,18,5.1088,6.3988,0.0350,0.3500,PV,-733.7348,0.0814,0.0008,0.0646,0.4443,270399778.2623,3863400.9567,6.4599,2.6680,0.2845,14.6702,0.2851,14.6528,0.0127,0.0625,0.0254,0.1251,25.4376,31.4546
_I514_,I514,4439538835.8132,81386105.6643,613.5767,613.4141,45.2626,45.6336,3.2300,1.3340,58,1,19,5.1088,6.3988,0.0350,0.3500,PV,-781.8196,0.0510,0.0005,0.2749,0.4443,166872089.8566,3059117.1831,6.4599,2.6680,0.2845,14.6702,0.2851,14.6528,0.0127,0.0625,0.0254,0.1251,25.4376,31.4546
_I514_,I514,4884924581.1805,60182144.4342,613.5767,613.4141,45.2626,45.6336,3.2300,1.3340,58,1,20,5.1088,6.3988,0.0350,0.3500,PV,-843.9964,0.0279,0.0003,-0.0570,0.4443,183613119.2451,2262108.8778,6.4599,2.6680,0.2845,14.6702,0.2851,14.6528,0.0127,0.0625,0.0254,0.1251,25.4376,31.4546
_I514_,I514,3842528055.8216,95213177.1883,613.5767,613.4141,45.2626,45.6336,3.2300,1.3340,58,1,21,5.1088,6.3988,0.0350,0.3500,PV,-749.4954,0.0699,0.0007,0.4853,0.4443,144431822.9261,3578845.1114,6.4599,2.6680,0.2845,14.6702,0.2851,14.6528,0.0127,0.0625,0.0254,0.1251,25.4376,31.4546
_I514_,I514,4316179331.2984,74157062.9984,613.5767,613.4141,45.2626,45.6336,3.2300,1.3340,58,1,22,5.1088,6.3988,0.0350,0.3500,PV,-800.9816,0.0424,0.0004,-0.4779,0.4443,162235288.8096,2787394.0375,6.4599,2.6680,0.2845,14.6702,0.2851,14.6528,0.0127,0.0625,0.0254,0.1251,25.4376,31.4546
_I514_,I514,3680048749.9642,89219639.0103,613.5767,613.4141,45.2626,45.6336,3.2300,1.3340,58,1,23,5.1088,6.3988,0.0350,0.3500,PV,-762.8889,0.0613,0.0006,0.0620,0.4443,138324598.2053,3353561.7479,6.4599,2.6680,0.2845,14.6702,0.2851,14.6528,0.0127,0.0625,0.0254,0.1251,25.4376,31.4546
_I514_,I514,3633285836.5002,67059804.3932,613.5767,613.4141,45.2626,45.6336,3.2300,1.3340,58,1,24,5.1088,6.3988,0.0350,0.3500,PV,-821.7053,0.0347,0.0003,-0.4052,0.4443,136566887.4642,2520624.3527,6.4599,2.6680,0.2845,14.6702,0.2851,14.6528,0.0127,0.0625,0.0254,0.1251,25.4376,31.4546
_I514_,I514,3408802705.2003,89992257.1834,613.5767,613.4141,45.2626,45.6336,3.2300,1.3340,58,1,25,5.1088,6.3988,0.0350,0.3500,PV,-761.1127,0.0624,0.0006,1.2585,0.4443,128129081.0516,3382602.6942,6.4599,2.6680,0.2845,14.6702,0.2851,14.6528,0.0127,0.0625,0.0254,0.1251,25.4376,31.4546
_I514_,I514,2629820212.1789,101710443.8851,613.5767,613.4141,45.2626,45.6336,3.2300,1.3340,58,1,26,5.1088,6.3988,0.0350,0.3500,PV,-735.8970,0.0797,0.0008,0.8080,0.4443,98848914.4894,3823062.4754,6.4599,2.6680,0.2845,14.6702,0.2851,14.6528,0.0127,0.0625,0.0254,0.1251,25.4376,31.4546
_I514_,I514,2782370796.3588,90265558.9454,613.5767,613.4141,45.2626,45.6336,3.2300,1.3340,58,1,27,5.1088,6.3988,0.0350,0.3500,PV,-760.4880,0.0628,0.0006,-0.3159,0.4443,104582941.3179,3392875.4811,6.4599,2.6680,0.2845,14.6702,0.2851,14.6528,0.0127,0.0625,0.0254,0.1251,25.4376,31.4546
_I415_,I415,28920770625.0806,257628881.6333,502.1987,501.7776,54.7353,55.2933,2.2909,1.2509,59,2,0,5.1088,4.3878,0.0350,0.2400,PV,-321.3044,0.6906,0.0100,-1.5872,0.2591,1870367674.6517,16661407.0735,4.5817,2.5018,0.7229,14.2262,0.7246,14.2000,0.0090,0.0586,0.0180,0.1173,18.0417,29.4949
_I415_,I415,1139499951.4636,64794154.9274,502.1987,501.7776,54.7353,55.2933,2.2909,1.2509,59,2,1,5.1088,4.3878,0.0350,0.2400,PV,-514.5471,0.0437,0.0006,-0.1902,0.2591,73693882.5771,4190375.6457,4.5817,2.5018,0.7229,14.2262,0.7246,14.2000,0.0090,0.0586,0.0180,0.1173,18.0417,29.4949
_I415_,I415,28560947806.3165,230933095.2690,502.1987,501.7776,54.7353,55.2933,2.2909,1.2509,59,2,2,5.1088,4.3878,0.0350,0.2400,PV,-336.6193,0.5549,0.0080,-1.3198,0.2591,1847097168.5666,14934933.8577,4.5817,2.5018,0.7229,14.2262,0.7246,14.2000,0.0090,0.0586,0.0180,0.1173,18.0417,29.4949
_I415_,I415,1942537932.5969,78078083.0761,502.1987,501.7776,54.7353,55.2933,2.2909,1.2509,59,2,3,5.1088,4.3878,0.0350,0.2400,PV,-488.4379,0.0634,0.0009,-0.2825,0.2591,125628054.7643,5049475.4990,4.5817,2.5018,0.7229,14.2262,0.7246,14.2000,0.0090,0.0586,0.0180,0.1173,18.0417,29.4949
_I415_,I415,27867216978.0369,240904676.8799,502.1987,501.7776,54.7353,55.2933,2.2909,1.2509,59,2,4,5.1088,4.3878,0.0350,0.2400,PV,-330.7010,0.6039,0.0088,-1.4878,0.2591,1802232122.1629,15579817.2237,4.5817,2.5018,0.7229,14.2262,0.7246,14.2000,0.0090,0.0586,0.0180,0.1173,18.0417,29.4949
_I415_,I415,2831075990.6849,69742362.8717,502.1987,501.7776,54.7353,55.2933,2.2909,1.2509,59,2,5,5.1088,4.3878,0.0350,0.2400,PV,-504.2441,0.0506,0.0007,-0.9095,0.2591,183091698.5617,4510386.7653,4.5817,2.5018,0.7229,14.2262,0.7246,14.2000,0.0090,0.0586,0.0180,0.1173,18.0417,29.4949
_I415_,I415,26998722574.6758,234085918.1909,502.1987,501.7776,54.7353,55.2933,2.2909,1.2509,59,2,6,5.1088,4.3878,0.0350,0.2400,PV,-334.7209,0.5702,0.0083,-0.4971,0.2591,1746064744.0968,15138833.6138,4.5817,2.5018,0.7229,14.2262,0.7246,14.2000,0.0090,0.0586,0.0180,0.1173,18.0417,29.4949
_I415_,I415,3077170143.7453,49370193.9769,502.1987,501.7776,54.7353,55.2933,2.2909,1.2509,59,2,7,5.1088,4.3878,0.0350,0.2400,PV,-552.6086,0.0254,0.0004,-0.0557,0.2591,199007130.2344,3192875.3249,4.5817,2.5018,0.7229,14.2262,0.7246,14.2000,0.0090,0.0586,0.0180,0.1173,18.0417,29.4949
_I415_,I415,24976428846.2470,193601692.9172,502.1987,501.7776,54.7353,55.2933,2.2909,1.2509,59,2,8,5.1088,4.3878,0.0350,0.2400,PV,-361.3048,0.3900,0.0057,-1.2948,0.2591,1615278712.5854,12520632.7620,4.5817,2.5018,0.7229,14.2262,0.7246,14.2000,0.0090,0.0586,0.0180,0.1173,18.0417,29.4949
_I415_,I415,3832958927.3406,70669304.4620,502.1987,501.7776,54.7353,55.2933,2.2909,1.2509,59,2,9,5.1088,4.3878,0.0350,0.2400,PV,-502.3956,0.0520,0.0008,-0.6860,0.2591,247885596.4422,4570334.0471,4.5817,2.5018,0.7229,14.2262,0.7246,14.2000,0.0090,0.0586,0.0180,0.1173,18.0417,29.4949
_I415_,I415,23974909808.6969,206671420.8897,502.1987,501.7776,54.7353,55.2933,2.2909,1.2509,59,2,10,5.1088,4.3878,0.0350,0.2400,PV,-352.1590,0.4444,0.0064,-1.4359,0.2591,1550508348.8332,13365879.8349,4.5817,2.5018,0.7229,14.2262,0.7246,14.2000,0.0090,0.0586,0.0180,0.1173,18.0417,29.4949
_I415_,I415,5225571494.7695,72782371.0026,502.1987,501.7776,54.7353,55.2933,2.2909,1.2509,59,2,11,5.1088,4.3878,0.0350,0.2400,PV,-498.2709,0.0551,0.0008,0.0259,0.2591,337948809.5978,4706990.5492,4.5817,2.5018,0.7229,14.2262,0.7246,14.2000,0.0090,0.0586,0.0180,0.1173,18.0417,29.4949
_I415_,I415,22237486504.9678,181332898.9112,502.1987,501.7776,54.7353,55.2933,2.2909,1.2509,59,2,12,5.1088,4.3878,0.0350,0.2400,PV,-370.4704,0.3421,0.0050,-1.2577,0.2591,1438145492.8565,11727183.7902,4.5817,2.5018,0.7229,14.2262,0.7246,14.2000,0.0090,0.0586,0.0180,0.1173,18.0417,29.4949
_I415_,I415,6005697706.4886,106266200.6083,502.1987,501.7776,54.7353,55.2933,2.2909,1.2509,59,2,13,5.1088,4.3878,0.0350,0.2400,PV,-445.2846,0.1175,0.0017,-0.3433,0.2591,388401228.9840,6872460.9417,4.5817,2.5018,0.7229,14.2262,0.7246,14.2000,0.0090,0.0586,0.0180,0.1173,18.0417,29.4949
_I415_,I415,19965524469.5476,173736070.1446,502.1987,501.7776,54.7353,55.2933,2.2909,1.2509,59,2,14,5.1088,4.3878,0.0350,0.2400,PV,-376.4620,0.3141,0.0046,-0.2886,0.2591,1291212881.5449,11235880.7354,4.5817,2.5018,0.7229,14.2262,0.7246,14.2000,0.0090,0.0586,0.0180,0.1173,18.0417,29.4949
_I415_,I415,6407792783.2093,64613981.6322,502.1987,501.7776,54.7353,55.2933,2.2909,1.2509,59,2,15,5.1088,4.3878,0.0350,0.2400,PV,-514.9369,0.0434,0.0006,-0.1027,0.2591,414405571.7930,4178723.4560,4.5817,2.5018,0.7229,14.2262,0.7246,14.2000,0.0090,0.0586,0.0180,0.1173,18.0417,29.4949
_I415_,I415,18351473904.6926,183055351.7552,502.1987,501.7776,54.7353,55.2933,2.2909,1.2509,59,2,16,5.1088,4.3878,0.0350,0.2400,PV,-369.1468,0.3487,0.0051,-0.4412,0.2591,1186828802.6801,11838578.4747,4.5817,2.5018,0.7229,14.2262,0.7246,14.2000,0.0090,0.0586,0.0180,0.1173,18.0417,29.4949
_I415_,I415,8010490807.3297,86075287.7529,502.1987,501.7776,54.7353,55.2933,2.2909,1.2509,59,2,17,5.1088,4.3878,0.0350,0.2400,PV,-474.7861,0.0771,0.0011,-0.3809,0.2591,518055457.7315,5566671.7145,4.5817,2.5018,0.7229,14.2262,0.7246,14.2000,0.0090,0.0586,0.0180,0.1173,18.0417,29.4949
_I415_,I415,18284348213.6982,161379053.5805,502.1987,501.7776,54.7353,55.2933,2.2909,1.2509,59,2,18,5.1088,4.3878,0.0350,0.2400,PV,-386.7914,0.2710,0.0039,-0.6876,0.2591,1182487641.6439,10436726.2234,4.5817,2.5018,0.7229,14.2262,0.7246,14.2000,0.0090,0.0586,0.0180,0.1173,18.0417,29.4949
_I415_,I415,8769895205.9544,86278416.5640,502.1987,501.7776,54.7353,55.2933,2.2909,1.2509,59,2,19,5.1088,4.3878,0.0350,0.2400,PV,-474.4561,0.0775,0.0011,0.1258,0.2591,567167753.4441,5579808.4862,4.5817,2.5018,0.7229,14.2262,0.7246,14.2000,0.0090,0.0586,0.0180,0.1173,18.0417,29.4949
_I415_,I415,16424000736.6208,150958504.0666,502.1987,501.7776,54.7353,55.2933,2.2909,1.2509,59,2,20,5.1088,4.3878,0.0350,0.2400,PV,-396.1365,0.2371,0.0034,-0.0995,0.2591,1062175018.2407,9762807.1492,4.5817,2.5018,0.7229,14.2262,0.7246,14.2000,0.0090,0.0586,0.0180,0.1173,18.0417,29.4949
_I415_,I415,9766877518.1242,82894695.7845,502.1987,501.7776,54.7353,55.2933,2.2909,1.2509,59,2,21,5.1088,4.3878,0.0350,0.2400,PV,-480.0573,0.0715,0.0010,-0.1648,0.2591,631644717.5284,5360976.0751,4.5817,2.5018,0.7229,14.2262,0.7246,14.2000,0.0090,0.0586,0.0180,0.1173,18.0417,29.4949
_I415_,I415,16027883853.8336,147762159.5111,502.1987,501.7776,54.7353,55.2933,2.2909,1.2509,59,2,22,5.1088,4.3878,0.0350,0.2400,PV,-399.1327,0.2272,0.0033,-0.6444,0.2591,1036557297.9333,9556092.7566,4.5817,2.5018,0.7229,14.2262,0.7246,14.2000,0.0090,0.0586,0.0180,0.1173,18.0417,29.4949
_I415_,I415,10392604875.3325,123638037.3401,502.1987,501.7776,54.7353,55.2933,2.2909,1.2509,59,2,23,5.1088,4.3878,0.0350,0.2400,PV,-424.0871,0.1591,0.0023,0.2263,0.2591,672111834.9935,7995934.5273,4.5817,2.5018,0.7229,14.2262,0.7246,14.2000,0.0090,0.0586,0.0180,0.1173,18.0417,29.4949
_I415_,I415,15264243218.8153,124668360.7630,502.1987,501.7776,54.7353,55.2933,2.2909,1.2509,59,2,24,5.1088,4.3878,0.0350,0.2400,PV,-422.9252,0.1617,0.0023,-0.1601,0.2591,987171035.8138,8062567.7319,4.5817,2.5018,0.7229,14.2262,0.7246,14.2000,0.0090,0.0586,0.0180,0.1173,18.0417,29.4949
_I415_,I415,10267479853.9803,63337507.0326,502.1987,501.7776,54.7353,55.2933,2.2909,1.2509,59,2,25,5.1088,4.3878,0.0350,0.2400,PV,-517.7303,0.0417,0.0006,0.3909,0.2591,664019734.0512,4096171.1319,4.5817,2.5018,0.7229,14.2262,0.7246,14.2000,0.0090,0.0586,0.0180,0.1173,18.0417,29.4949
_I415_,I415,14139381551.3757,124802435.7624,502.1987,501.7776,54.7353,55.2933,2.2909,1.2509,59,2,26,5.1088,4.3878,0.0350,0.2400,PV,-422.7747,0.1621,0.0023,0.0165,0.2591,914423842.1616,8071238.6469,4.5817,2.5018,0.7229,14.2262,0.7246,14.2000,0.0090,0.0586,0.0180,0.1173,18.0417,29.4949
_I415_,I415,10359090747.6693,110064423.6332,502.1987,501.7776,54.7353,55.2933,2.2909,1.2509,59,2,27,5.1088,4.3878,0.0350,0.2400,PV,-440.3680,0.1261,0.0018,0.7991,0.2591,669944405.1612,7118100.0936,4.5817,2.5018,0.7229,14.2262,0.7246,14.2000,0.0090,0.0586,0.0180,0.1173,18.0417,29.4949
_I507_,I507,28246037665.2016,245117451.7743,483.7558,485.0384,62.9158,62.8859,2.3088,1.1097,60,3,0,5.1088,5.7224,0.0350,0.3130,PV,-401.5477,1.1450,0.0126,-2.1317,0.1009,2276723134.2046,19757269.3086,4.6176,2.2194,0.7955,13.8427,0.7905,13.8441,0.0091,0.0520,0.0182,0.1040,18.1828,26.1656
_I507_,I507,1305658545.3769,45139365.2974,483.7558,485.0384,62.9158,62.8859,2.3088,1.1097,60,3,1,5.1088,5.7224,0.0350,0.3130,PV,-712.8725,0.0388,0.0004,-0.1121,0.1009,105240354.4478,3638380.6626,4.6176,2.2194,0.7955,13.8427,0.7905,13.8441,0.0091,0.0520,0.0182,0.1040,18.1828,26.1656
_I507_,I507,27484170427.7526,205123446.1733,483.7558,485.0384,62.9158,62.8859,2.3088,1.1097,60,3,2,5.1088,5.7224,0.0350,0.3130,PV,-434.3228,0.8018,0.0088,-1.5950,0.1009,2215314139.9502,16533621.4872,4.6176,2.2194,0.7955,13.8427,0.7905,13.8441,0.0091,0.0520,0.0182,0.1040,18.1828,26.1656
_I507_,I507,1715703988.5015,58300761.5685,483.7558,485.0384,62.9158,62.8859,2.3088,1.1097,60,3,3,5.1088,5.7224,0.0350,0.3130,PV,-665.7942,0.0648,0.0007,1.0495,0.1009,138291359.9553,4699232.3022,4.6176,2.2194,0.7955,13.8427,0.7905,13.8441,0.0091,0.0520,0.0182,0.1040,18.1828,26.1656
_I507_,I507,26993950972.5754,207307379.0834,483.7558,485.0384,62.9158,62.8859,2.3088,1.1097,60,3,4,5.1088,5.7224,0.0350,0.3130,PV,-432.3741,0.8190,0.0090,-2.8119,0.1009,2175800846.5223,16709653.6316,4.6176,2.2194,0.7955,13.8427,0.7905,13.8441,0.0091,0.0520,0.0182,0.1040,18.1828,26.1656
_I507_,I507,2290862053.2741,58766332.5470,483.7558,485.0384,62.9158,62.8859,2.3088,1.1097,60,3,5,5.1088,5.7224,0.0350,0.3130,PV,-664.3307,0.0658,0.0007,0.4092,0.1009,184650983.4682,4736758.8477,4.6176,2.2194,0.7955,13.8427,0.7905,13.8441,0.0091,0.0520,0.0182,0.1040,18.1828,26.1656
_I507_,I507,25894587457.5303,213780044.4957,483.7558,485.0384,62.9158,62.8859,2.3088,1.1097,60,3,6,5.1088,5.7224,0.0350,0.3130,PV,-426.7170,0.8709,0.0096,-1.6408,0.1009,2087188547.0815,17231371.6601,4.6176,2.2194,0.7955,13.8427,0.7905,13.8441,0.0091,0.0520,0.0182,0.1040,18.1828,26.1656
_I507_,I507,2888951141.5462,59282228.0106,483.7558,485.0384,62.9158,62.8859,2.3088,1.1097,60,3,7,5.1088,5.7224,0.0350,0.3130,PV,-662.7224,0.0670,0.0007,0.6350,0.1009,232858922.5684,4778341.7115,4.6176,2.2194,0.7955,13.8427,0.7905,13.8441,0.0091,0.0520,0.0182,0.1040,18.1828,26.1656
_I507_,I507,25396901697.8360,209177134.7302,483.7558,485.0384,62.9158,62.8859,2.3088,1.1097,60,3,8,5.1088,5.7224,0.0350,0.3130,PV,-430.7220,0.8338,0.0092,-3.3603,0.1009,2047073445.0594,16860362.0597,4.6176,2.2194,0.7955,13.8427,0.7905,13.8441,0.0091,0.0520,0.0182,0.1040,18.1828,26.1656
_I507_,I507,3897224869.7800,54054279.1495,483.7558,485.0384,62.9158,62.8859,2.3088,1.1097,60,3,9,5.1088,5.7224,0.0350,0.3130,PV,-679.7095,0.0557,0.0006,0.6887,0.1009,314129086.8969,4356951.9131,4.6176,2.2194,0.7955,13.8427,0.7905,13.8441,0.0091,0.0520,0.0182,0.1040,18.1828,26.1656
_I507_,I507,23303344690.0904,204706753.8143,483.7558,485.0384,62.9158,62.8859,2.3088,1.1097,60,3,10,5.1088,5.7224,0.0350,0.3130,PV,-434.6969,0.7986,0.0088,-1.4712,0.1009,1878325894.3832,16500034.7185,4.6176,2.2194,0.7955,13.8427,0.7905,13.8441,0.0091,0.0520,0.0182,0.1040,18.1828,26.1656
_I507_,I507,4993746758.7105,51876223.6762,483.7558,485.0384,62.9158,62.8859,2.3088,1.1097,60,3,11,5.1088,5.7224,0.0350,0.3130,PV,-687.2770,0.0513,0.0006,0.0444,0.1009,402512341.9672,4181393.5094,4.6176,2.2194,0.7955,13.8427,0.7905,13.8441,0.0091,0.0520,0.0182,0.1040,18.1828,26.1656
_I507_,I507,21844696938.4558,187804736.9599,483.7558,485.0384,62.9158,62.8859,2.3088,1.1097,60,3,12,5.1088,5.7224,0.0350,0.3130,PV,-450.5533,0.6722,0.0074,-2.2068,0.1009,1760754108.9114,15137676.8104,4.6176,2.2194,0.7955,13.8427,0.7905,13.8441,0.0091,0.0520,0.0182,0.1040,18.1828,26.1656
_I507_,I507,5631571156.0870,57358675.1494,483.7558,485.0384,62.9158,62.8859,2.3088,1.1097,60,3,13,5.1088,5.7224,0.0350,0.3130,PV,-668.7917,0.0627,0.0007,-0.3966,0.1009,453923077.1040,4623297.0517,4.6176,2.2194,0.7955,13.8427,0.7905,13.8441,0.0091,0.0520,0.0182,0.1040,18.1828,26.1656
_I507_,I507,20887183607.1723,177347686.4273,483.7558,485.0384,62.9158,62.8859,2.3088,1.1097,60,3,14,5.1088,5.7224,0.0350,0.3130,PV,-461.0947,0.5994,0.0066,-1.5153,0.1009,1683575398.8041,14294804.2934,4.6176,2.2194,0.7955,13.8427,0.7905,13.8441,0.0091,0.0520,0.0182,0.1040,18.1828,26.1656
_I507_,I507,6440715920.8900,55954101.4546,483.7558,485.0384,62.9158,62.8859,2.3088,1.1097,60,3,15,5.1088,5.7224,0.0350,0.3130,PV,-673.3535,0.0597,0.0007,0.1351,0.1009,519142794.8847,4510083.8123,4.6176,2.2194,0.7955,13.8427,0.7905,13.8441,0.0091,0.0520,0.0182,0.1040,18.1828,26.1656
_I507_,I507,19615137133.7648,159775224.9155,483.7558,485.0384,62.9158,62.8859,2.3088,1.1097,60,3,16,5.1088,5.7224,0.0350,0.3130,PV,-480.2941,0.4865,0.0053,-1.3227,0.1009,1581044287.4278,12878406.3503,4.6176,2.2194,0.7955,13.8427,0.7905,13.8441,0.0091,0.0520,0.0182,0.1040,18.1828,26.1656
_I507_,I507,7616194969.8654,88313939.6953,483.7558,485.0384,62.9158,62.8859,2.3088,1.1097,60,3,17,5.1088,5.7224,0.0350,0.3130,PV,-589.3822,0.1486,0.0016,0.2256,0.1009,613890255.6187,7118392.7445,4.6176,2.2194,0.7955,13.8427,0.7905,13.8441,0.0091,0.0520,0.0182,0.1040,18.1828,26.1656
_I507_,I507,18216811456.3933,147612664.1431,483.7558,485.0384,62.9158,62.8859,2.3088,1.1097,60,3,18,5.1088,5.7224,0.0350,0.3130,PV,-494.8625,0.4152,0.0046,-1.2921,0.1009,1468334658.6806,11898064.1228,4.6176,2.2194,0.7955,13.8427,0.7905,13.8441,0.0091,0.0520,0.0182,0.1040,18.1828,26.1656
_I507_,I507,8543328954.3194,109947954.5243,483.7558,485.0384,62.9158,62.8859,2.3088,1.1097,60,3,19,5.1088,5.7224,0.0350,0.3130,PV,-549.0661,0.2304,0.0025,-2.0778,0.1009,688620290.8871,8862165.1855,4.6176,2.2194,0.7955,13.8427,0.7905,13.8441,0.0091,0.0520,0.0182,0.1040,18.1828,26.1656
_I507_,I507,17189262462.7547,129025301.4272,483.7558,485.0384,62.9158,62.8859,2.3088,1.1097,60,3,20,5.1088,5.7224,0.0350,0.3130,PV,-519.6258,0.3173,0.0035,-1.0634,0.1009,1385510844.8390,10399861.8192,4.6176,2.2194,0.7955,13.8427,0.7905,13.8441,0.0091,0.0520,0.0182,0.1040,18.1828,26.1656
_I507_,I507,8853665241.3765,66983214.7876,483.7558,485.0384,62.9158,62.8859,2.3088,1.1097,60,3,21,5.1088,5.7224,0.0350,0.3130,PV,-640.2500,0.0855,0.0009,-0.8853,0.1009,713634411.8941,5399066.4644,4.6176,2.2194,0.7955,13.8427,0.7905,13.8441,0.0091,0.0520,0.0182,0.1040,18.1828,26.1656
_I507_,I507,16007287855.1298,137813038.6132,483.7558,485.0384,62.9158,62.8859,2.3088,1.1097,60,3,22,5.1088,5.7224,0.0350,0.3130,PV,-507.5022,0.3619,0.0040,-0.9295,0.1009,1290239820.8066,11108182.2139,4.6176,2.2194,0.7955,13.8427,0.7905,13.8441,0.0091,0.0520,0.0182,0.1040,18.1828,26.1656
_I507_,I507,9602438890.5874,73871204.6792,483.7558,485.0384,62.9158,62.8859,2.3088,1.1097,60,3,23,5.1088,5.7224,0.0350,0.3130,PV,-622.2399,0.1040,0.0011,0.0533,0.1009,773988020.0585,5954261.0060,4.6176,2.2194,0.7955,13.8427,0.7905,13.8441,0.0091,0.0520,0.0182,0.1040,18.1828,26.1656
_I507_,I507,15557247486.3261,142656233.7519,483.7558,485.0384,62.9158,62.8859,2.3088,1.1097,60,3,24,5.1088,5.7224,0.0350,0.3130,PV,-501.1468,0.3878,0.0043,0.6227,0.1009,1253965093.3165,11498559.6023,4.6176,2.2194,0.7955,13.8427,0.7905,13.8441,0.0091,0.0520,0.0182,0.1040,18.1828,26.1656
_I507_,I507,9781421427.9150,80568206.3107,483.7558,485.0384,62.9158,62.8859,2.3088,1.1097,60,3,25,5.1088,5.7224,0.0350,0.3130,PV,-606.2722,0.1237,0.0014,0.4927,0.1009,788414598.6881,6494061.2685,4.6176,2.2194,0.7955,13.8427,0.7905,13.8441,0.0091,0.0520,0.0182,0.1040,18.1828,26.1656
_I507_,I507,13911568660.5618,115017240.7324,483.7558,485.0384,62.9158,62.8859,2.3088,1.1097,60,3,26,5.1088,5.7224,0.0350,0.3130,PV,-540.7723,0.2521,0.0028,-0.9918,0.1009,1121317990.7919,9270766.2544,4.6176,2.2194,0.7955,13.8427,0.7905,13.8441,0.0091,0.0520,0.0182,0.1040,18.1828,26.1656
_I507_,I507,10026261003.3085,94466598.1320,483.7558,485.0384,62.9158,62.8859,2.3088,1.1097,60,3,27,5.1088,5.7224,0.0350,0.3130,PV,-576.9901,0.1701,0.0019,0.1420,0.1009,808149470.2504,7614317.1629,4.6176,2.2194,0.7955,13.8427,0.7905,13.8441,0.0091,0.0520,0.0182,0.1040,18.1828,26.1656
,I522,19919868650.7892,219289723.2946,525.9407,525.8321,71.0300,70.9606,2.3646,1.0817,61,4,0,5.1088,6.3988,0.0400,0.3130,PV,-1188.4117,2.9839,0.0113,-5.4871,0.0128,1704164054.1048,18760448.1949,4.7292,2.1634,0.6295,13.4623,0.6299,13.4656,0.0093,0.0507,0.0186,0.1014,18.6224,25.5053
,I471,21489188289.0371,211822484.8546,507.5659,507.4674,66.5710,67.2123,2.1089,1.0847,61,4,0,5.1088,6.3988,0.0350,0.3500,PV,-1188.4117,2.9839,0.0113,-5.4871,0.0000,2072694597.7691,20430893.6261,4.2178,2.1694,0.7018,13.6714,0.7022,13.6413,0.0083,0.0508,0.0166,0.1017,16.6086,25.5759
,I552,37334486202.9958,339049202.8963,510.4060,511.6839,64.5791,64.0400,2.3379,1.2432,61,4,0,5.1088,6.3988,0.0350,0.3500,PV,-1188.4117,2.9839,0.0113,-5.4871,0.5034,1989092832.2019,18063736.9851,4.6757,2.4864,0.6906,13.7647,0.6856,13.7900,0.0092,0.0583,0.0184,0.1165,18.4119,29.3131
,I522,1123514433.9592,49108183.6568,525.9407,525.8321,71.0300,70.9606,2.3646,1.0817,61,4,1,5.1088,6.3988,0.0400,0.3130,PV,-1984.4795,0.1496,0.0006,1.3484,0.0128,96117747.8721,4201252.6698,4.7292,2.1634,0.6295,13.4623,0.6299,13.4656,0.0093,0.0507,0.0186,0.1014,18.6224,25.5053
,I471,902479009.6590,47435954.3583,507.5659,507.4674,66.5710,67.2123,2.1089,1.0847,61,4,1,5.1088,6.3988,0.0350,0.3500,PV,-1984.4795,0.1496,0.0006,1.3484,0.0000,87046720.5536,4575335.5137,4.2178,2.1694,0.7018,13.6714,0.7022,13.6413,0.0083,0.0508,0.0166,0.1017,16.6086,25.5759
,I552,1759989374.9543,75927363.1058,510.4060,511.6839,64.5791,64.0400,2.3379,1.2432,61,4,1,5.1088,6.3988,0.0350,0.3500,PV,-1984.4795,0.1496,0.0006,1.3484,0.5034,93768057.5390,4045229.7348,4.6757,2.4864,0.6906,13.7647,0.6856,13.7900,0.0092,0.0583,0.0184,0.1165,18.4119,29.3131
,I522,19334391619.7209,227416874.1567,525.9407,525.8321,71.0300,70.9606,2.3646,1.0817,61,4,2,5.1088,6.3988,0.0400,0.3130,PV,-1169.0517,3.2092,0.0122,-6.8773,0.0128,1654075927.1025,19455733.8218,4.7292,2.1634,0.6295,13.4623,0.6299,13.4656,0.0093,0.0507,0.0186,0.1014,18.6224,25.5053
,I471,21073852651.3927,219672889.4004,507.5659,507.4674,66.5710,67.2123,2.1089,1.0847,61,4,2,5.1088,6.3988,0.0350,0.3500,PV,-1169.0517,3.2092,0.0122,-6.8773,0.0000,2032634269.7182,21188087.9358,4.2178,2.1694,0.7018,13.6714,0.7022,13.6413,0.0083,0.0508,0.0166,0.1017,16.6086,25.5759
,I552,36455118045.2316,351614789.1236,510.4060,511.6839,64.5791,64.0400,2.3379,1.2432,61,4,2,5.1088,6.3988,0.0350,0.3500,PV,-1169.0517,3.2092,0.0122,-6.8773,0.5034,1942242183.4487,18733201.6018,4.6757,2.4864,0.6906,13.7647,0.6856,13.7900,0.0092,0.0583,0.0184,0.1165,18.4119,29.3131
,I522,1471447959.0893,63564586.2178,525.9407,525.8321,71.0300,70.9606,2.3646,1.0817,61,4,3,5.1088,6.3988,0.0400,0.3130,PV,-1847.2071,0.2507,0.0010,0.6726,0.0128,125883797.8968,5438011.9089,4.7292,2.1634,0.6295,13.4623,0.6299,13.4656,0.0093,0.0507,0.0186,0.1014,18.6224,25.5053
,I471,1346591696.0739,61400089.3452,507.5659,507.4674,66.5710,67.2123,2.1089,1.0847,61,4,3,5.1088,6.3988,0.0350,0.3500,PV,-1847.2071,0.2507,0.0010,0.6726,0.0000,129882678.5038,5922216.8737,4.2178,2.1694,0.7018,13.6714,0.7022,13.6413,0.0083,0.0508,0.0166,0.1017,16.6086,25.5759
,I552,3151978456.7540,98278761.6693,510.4060,511.6839,64.5791,64.0400,2.3379,1.2432,61,4,3,5.1088,6.3988,0.0350,0.3500,PV,-1847.2071,0.2507,0.0010,0.6726,0.5034,167929932.7034,5236059.2116,4.6757,2.4864,0.6906,13.7647,0.6856,13.7900,0.0092,0.0583,0.0184,0.1165,18.4119,29.3131
,I522,18114517516.7747,207530474.9276,525.9407,525.8321,71.0300,70.9606,2.3646,1.0817,61,4,4,5.1088,6.3988,0.0400,0.3130,PV,-1217.7332,2.6725,0.0102,-6.6006,0.0128,1549714516.2308,17754433.1091,4.7292,2.1634,0.6295,13.4623,0.6299,13.4656,0.0093,0.0507,0.0186,0.1014,18.6224,25.5053
,I471,20291070282.2965,200463659.1350,507.5659,507.4674,66.5710,67.2123,2.1089,1.0847,61,4,4,5.1088,6.3988,0.0350,0.3500,PV,-1217.7332,2.6725,0.0102,-6.6006,0.0000,1957132637.6495,19335301.9085,4.2178,2.1694,0.7018,13.6714,0.7022,13.6413,0.0083,0.0508,0.0166,0.1017,16.6086,25.5759
,I552,34794016856.4099,320867941.3063,510.4060,511.6839,64.5791,64.0400,2.3379,1.2432,61,4,4,5.1088,6.3988,0.0350,0.3500,PV,-1217.7332,2.6725,0.0102,-6.6006,0.5034,1853742653.8106,17095082.5107,4.6757,2.4864,0.6906,13.7647,0.6856,13.7900,0.0092,0.0583,0.0184,0.1165,18.4119,29.3131
,I522,2045454587.4641,51089234.9395,525.9407,525.8321,71.0300,70.9606,2.3646,1.0817,61,4,5,5.1088,6.3988,0.0400,0.3130,PV,-1963.4399,0.1620,0.0006,0.4902,0.0128,174990620.8404,4370733.5255,4.7292,2.1634,0.6295,13.4623,0.6299,13.4656,0.0093,0.0507,0.0186,0.1014,18.6224,25.5053
,I471,2017159438.3648,49349548.1058,507.5659,507.4674,66.5710,67.2123,2.1089,1.0847,61,4,5,5.1088,6.3988,0.0350,0.3500,PV,-1963.4399,0.1620,0.0006,0.4902,0.0000,194560884.0363,4759907.1861,4.2178,2.1694,0.7018,13.6714,0.7022,13.6413,0.0083,0.0508,0.0166,0.1017,16.6086,25.5759
,I552,4444956295.6412,78990316.0338,510.4060,511.6839,64.5791,64.0400,2.3379,1.2432,61,4,5,5.1088,6.3988,0.0350,0.3500,PV,-1963.4399,0.1620,0.0006,0.4902,0.5034,236816723.7936,4208416.5986,4.6757,2.4864,0.6906,13.7647,0.6856,13.7900,0.0092,0.0583,0.0184,0.1165,18.4119,29.3131
,I522,17466969732.6612,203478060.9864,525.9407,525.8321,71.0300,70.9606,2.3646,1.0817,61,4,6,5.1088,6.3988,0.0400,0.3130,PV,-1228.2242,2.5691,0.0098,-6.0775,0.0128,1494316176.1942,17407745.1720,4.7292,2.1634,0.6295,13.4623,0.6299,13.4656,0.0093,0.0507,0.0186,0.1014,18.6224,25.5053
,I471,19570748958.5179,196549237.5458,507.5659,507.4674,66.5710,67.2123,2.1089,1.0847,61,4,6,5.1088,6.3988,0.0350,0.3500,PV,-1228.2242,2.5691,0.0098,-6.0775,0.0000,1887655554.7382,18957744.5819,4.2178,2.1694,0.7018,13.6714,0.7022,13.6413,0.0083,0.0508,0.0166,0.1017,16.6086,25.5759
,I552,32938732144.1196,314602405.5634,510.4060,511.6839,64.5791,64.0400,2.3379,1.2432,61,4,6,5.1088,6.3988,0.0350,0.3500,PV,-1228.2242,2.5691,0.0098,-6.0775,0.5034,1754897486.8289,16761269.6341,4.6757,2.4864,0.6906,13.7647,0.6856,13.7900,0.0092,0.0583,0.0184,0.1165,18.4119,29.3131
,I522,2547270492.2168,61816764.4979,525.9407,525.8321,71.0300,70.9606,2.3646,1.0817,61,4,7,5.1088,6.3988,0.0400,0.3130,PV,-1862.0403,0.2371,0.0009,0.9355,0.0128,217921457.4663,5288484.0681,4.7292,2.1634,0.6295,13.4623,0.6299,13.4656,0.0093,0.0507,0.0186,0.1014,18.6224,25.5053
,I471,2364650012.4774,59711784.2759,507.5659,507.4674,66.5710,67.2123,2.1089,1.0847,61,4,7,5.1088,6.3988,0.0350,0.3500,PV,-1862.0403,0.2371,0.0009,0.9355,0.0000,228077358.7422,5759374.9483,4.2178,2.1694,0.7018,13.6714,0.7022,13.6413,0.0083,0.0508,0.0166,0.1017,16.6086,25.5759
,I552,5526307477.0542,95576411.8329,510.4060,511.6839,64.5791,64.0400,2.3379,1.2432,61,4,7,5.1088,6.3988,0.0350,0.3500,PV,-1862.0403,0.2371,0.0009,0.9355,0.5034,294428548.7521,5092084.4249,4.6757,2.4864,0.6906,13.7647,0.6856,13.7900,0.0092,0.0583,0.0184,0.1165,18.4119,29.3131
,I522,16214774490.0680,187482965.0718,525.9407,525.8321,71.0300,70.9606,2.3646,1.0817,61,4,8,5.1088,6.3988,0.0400,0.3130,PV,-1271.7791,2.1811,0.0083,-5.2784,0.0128,1387189660.5249,16039349.2263,4.7292,2.1634,0.6295,13.4623,0.6299,13.4656,0.0093,0.0507,0.0186,0.1014,18.6224,25.5053
,I471,18640180210.9274,181098807.3804,507.5659,507.4674,66.5710,67.2123,2.1089,1.0847,61,4,8,5.1088,6.3988,0.0350,0.3500,PV,-1271.7791,2.1811,0.0083,-5.2784,0.0000,1797899497.4111,17467505.7369,4.2178,2.1694,0.7018,13.6714,0.7022,13.6413,0.0083,0.0508,0.0166,0.1017,16.6086,25.5759
,I552,30506734838.4100,289871998.3410,510.4060,511.6839,64.5791,64.0400,2.3379,1.2432,61,4,8,5.1088,6.3988,0.0350,0.3500,PV,-1271.7791,2.1811,0.0083,-5.2784,0.5034,1625326441.3773,15443692.2212,4.6757,2.4864,0.6906,13.7647,0.6856,13.7900,0.0092,0.0583,0.0184,0.1165,18.4119,29.3131
,I522,3645755316.0037,60542917.9967,525.9407,525.8321,71.0300,70.9606,2.3646,1.0817,61,4,9,5.1088,6.3988,0.0400,0.3130,PV,-1873.1176,0.2274,0.0009,-1.2197,0.0128,311897897.9487,5179505.2663,4.7292,2.1634,0.6295,13.4623,0.6299,13.4656,0.0093,0.0507,0.0186,0.1014,18.6224,25.5053
,I471,3710215053.7719,58481314.5674,507.5659,507.4674,66.5710,67.2123,2.1089,1.0847,61,4,9,5.1088,6.3988,0.0350,0.3500,PV,-1873.1176,0.2274,0.0009,-1.2197,0.0000,357861013.4119,5640692.5727,4.2178,2.1694,0.7018,13.6714,0.7022,13.6413,0.0083,0.0508,0.0166,0.1017,16.6086,25.5759
,I552,7222123046.7549,93606885.9453,510.4060,511.6839,64.5791,64.0400,2.3379,1.2432,61,4,9,5.1088,6.3988,0.0350,0.3500,PV,-1873.1176,0.2274,0.0009,-1.2197,0.5034,384777578.2281,4987152.7591,4.6757,2.4864,0.6906,13.7647,0.6856,13.7900,0.0092,0.0583,0.0184,0.1165,18.4119,29.3131
,I522,14981139349.1693,182722422.6531,525.9407,525.8321,71.0300,70.9606,2.3646,1.0817,61,4,10,5.1088,6.3988,0.0400,0.3130,PV,-1285.4621,2.0717,0.0079,-5.9727,0.0128,1281650979.5298,15632080.2121,4.7292,2.1634,0.6295,13.4623,0.6299,13.4656,0.0093,0.0507,0.0186,0.1014,18.6224,25.5053
,I471,16598765055.1907,176500372.0147,507.5659,507.4674,66.5710,67.2123,2.1089,1.0847,61,4,10,5.1088,6.3988,0.0350,0.3500,PV,-1285.4621,2.0717,0.0079,-5.9727,0.0000,1600999079.0152,17023973.2957,4.2178,2.1694,0.7018,13.6714,0.7022,13.6413,0.0083,0.0508,0.0166,0.1017,16.6086,25.5759
,I552,26257290607.9982,282511609.4723,510.4060,511.6839,64.5791,64.0400,2.3379,1.2432,61,4,10,5.1088,6.3988,0.0350,0.3500,PV,-1285.4621,2.0717,0.0079,-5.9727,0.5034,1398926136.4797,15051548.1681,4.6757,2.4864,0.6906,13.7647,0.6856,13.7900,0.0092,0.0583,0.0184,0.1165,18.4119,29.3131
,I522,4686713061.8274,73030429.2182,525.9407,525.8321,71.0300,70.9606,2.3646,1.0817,61,4,11,5.1088,6.3988,0.0400,0.3130,PV,-1773.3550,0.3309,0.0013,-2.3330,0.0128,400952841.2003,6247823.9446,4.7292,2.1634,0.6295,13.4623,0.6299,13.4656,0.0093,0.0507,0.0186,0.1014,18.6224,25.5053
,I471,4347398491.4617,70543602.3017,507.5659,507.4674,66.5710,67.2123,2.1089,1.0847,61,4,11,5.1088,6.3988,0.0350,0.3500,PV,-1773.3550,0.3309,0.0013,-2.3330,0.0000,419319205.8445,6804135.2438,4.2178,2.1694,0.7018,13.6714,0.7022,13.6413,0.0083,0.0508,0.0166,0.1017,16.6086,25.5759
,I552,8669023513.0626,112914133.2898,510.4060,511.6839,64.5791,64.0400,2.3379,1.2432,61,4,11,5.1088,6.3988,0.0350,0.3500,PV,-1773.3550,0.3309,0.0013,-2.3330,0.5034,461865001.6573,6015797.0826,4.6757,2.4864,0.6906,13.7647,0.6856,13.7900,0.0092,0.0583,0.0184,0.1165,18.4119,29.3131
,I522,14146936102.6014,173072028.9361,525.9407,525.8321,71.0300,70.9606,2.3646,1.0817,61,4,12,5.1088,6.3988,0.0400,0.3130,PV,-1314.3286,1.8587,0.0071,-5.7351,0.0128,1210284083.9172,14806479.6839,4.7292,2.1634,0.6295,13.4623,0.6299,13.4656,0.0093,0.0507,0.0186,0.1014,18.6224,25.5053
,I471,16689157774.6012,167178591.1277,507.5659,507.4674,66.5710,67.2123,2.1089,1.0847,61,4,12,5.1088,6.3988,0.0350,0.3500,PV,-1314.3286,1.8587,0.0071,-5.7351,0.0000,1609717719.2300,16124860.4662,4.2178,2.1694,0.7018,13.6714,0.7022,13.6413,0.0083,0.0508,0.0166,0.1017,16.6086,25.5759
,I552,26245526783.0676,267590895.7364,510.4060,511.6839,64.5791,64.0400,2.3379,1.2432,61,4,12,5.1088,6.3988,0.0350,0.3500,PV,-1314.3286,1.8587,0.0071,-5.7351,0.5034,1398299387.8023,14256607.9463,4.6757,2.4864,0.6906,13.7647,0.6856,13.7900,0.0092,0.0583,0.0184,0.1165,18.4119,29.3131
,I522,5381121568.6392,85148674.4240,525.9407,525.8321,71.0300,70.9606,2.3646,1.0817,61,4,13,5.1088,6.3988,0.0400,0.3130,PV,-1691.6810,0.4499,0.0017,-0.8995,0.0128,460360161.4451,7284551.5576,4.7292,2.1634,0.6295,13.4623,0.6299,13.4656,0.0093,0.0507,0.0186,0.1014,18.6224,25.5053
,I471,5206587503.3056,82249197.9550,507.5659,507.4674,66.5710,67.2123,2.1089,1.0847,61,4,13,5.1088,6.3988,0.0350,0.3500,PV,-1691.6810,0.4499,0.0017,-0.8995,0.0000,502190480.4296,7933173.9282,4.2178,2.1694,0.7018,13.6714,0.7022,13.6413,0.0083,0.0508,0.0166,0.1017,16.6086,25.5759
,I552,10360106379.7187,131650448.9198,510.4060,511.6839,64.5791,64.0400,2.3379,1.2432,61,4,13,5.1088,6.3988,0.0350,0.3500,PV,-1691.6810,0.4499,0.0017,-0.8995,0.5034,551961883.9456,7014023.5191,4.6757,2.4864,0.6906,13.7647,0.6856,13.7900,0.0092,0.0583,0.0184,0.1165,18.4119,29.3131
,I522,12875508923.0840,164644270.7179,525.9407,525.8321,71.0300,70.9606,2.3646,1.0817,61,4,14,5.1088,6.3988,0.0400,0.3130,PV,-1340.8864,1.6821,0.0064,-4.6823,0.0128,1101512257.4192,14085476.8066,4.7292,2.1634,0.6295,13.4623,0.6299,13.4656,0.0093,0.0507,0.0186,0.1014,18.6224,25.5053
,I471,14813249077.3491,159037815.1087,507.5659,507.4674,66.5710,67.2123,2.1089,1.0847,61,4,14,5.1088,6.3988,0.0350,0.3500,PV,-1340.8864,1.6821,0.0064,-4.6823,0.0000,1428780879.2524,15339658.9849,4.2178,2.1694,0.7018,13.6714,0.7022,13.6413,0.0083,0.0508,0.0166,0.1017,16.6086,25.5759
,I552,23345567496.3416,254560533.6676,510.4060,511.6839,64.5791,64.0400,2.3379,1.2432,61,4,14,5.1088,6.3988,0.0350,0.3500,PV,-1340.8864,1.6821,0.0064,-4.6823,0.5034,1243796438.4503,13562381.1756,4.6757,2.4864,0.6906,13.7647,0.6856,13.7900,0.0092,0.0583,0.0184,0.1165,18.4119,29.3131
,I522,5735915088.9310,89916055.4611,525.9407,525.8321,71.0300,70.9606,2.3646,1.0817,61,4,15,5.1088,6.3988,0.0400,0.3130,PV,-1662.6989,0.5017,0.0019,0.0992,0.0128,490713090.6993,7692405.6222,4.7292,2.1634,0.6295,13.4623,0.6299,13.4656,0.0093,0.0507,0.0186,0.1014,18.6224,25.5053
,I471,5395341236.5054,86854238.9891,507.5659,507.4674,66.5710,67.2123,2.1089,1.0847,61,4,15,5.1088,6.3988,0.0350,0.3500,PV,-1662.6989,0.5017,0.0019,0.0992,0.0000,520396325.9855,8377343.5052,4.2178,2.1694,0.7018,13.6714,0.7022,13.6413,0.0083,0.0508,0.0166,0.1017,16.6086,25.5759
,I552,10846062805.7126,139021411.1820,510.4060,511.6839,64.5791,64.0400,2.3379,1.2432,61,4,15,5.1088,6.3988,0.0350,0.3500,PV,-1662.6989,0.5017,0.0019,0.0992,0.5034,577852489.1745,7406730.8976,4.6757,2.4864,0.6906,13.7647,0.6856,13.7900,0.0092,0.0583,0.0184,0.1165,18.4119,29.3131
,I522,12190890072.2237,157500481.1247,525.9407,525.8321,71.0300,70.9606,2.3646,1.0817,61,4,16,5.1088,6.3988,0.0400,0.3130,PV,-1364.4852,1.5393,0.0059,-3.1425,0.0128,1042942451.7216,13474318.6887,4.7292,2.1634,0.6295,13.4623,0.6299,13.4656,0.0093,0.0507,0.0186,0.1014,18.6224,25.5053
,I471,12790665311.2442,152137285.9029,507.5659,507.4674,66.5710,67.2123,2.1089,1.0847,61,4,16,5.1088,6.3988,0.0350,0.3500,PV,-1364.4852,1.5393,0.0059,-3.1425,0.0000,1233696803.0576,14674082.9095,4.2178,2.1694,0.7018,13.6714,0.7022,13.6413,0.0083,0.0508,0.0166,0.1017,16.6086,25.5759
,I552,20861823341.8885,243515348.8341,510.4060,511.6839,64.5791,64.0400,2.3379,1.2432,61,4,16,5.1088,6.3988,0.0350,0.3500,PV,-1364.4852,1.5393,0.0059,-3.1425,0.5034,1111468443.6901,12973919.9373,4.6757,2.4864,0.6906,13.7647,0.6856,13.7900,0.0092,0.0583,0.0184,0.1165,18.4119,29.3131
,I522,6387415430.2148,76936094.4433,525.9407,525.8321,71.0300,70.9606,2.3646,1.0817,61,4,17,5.1088,6.3988,0.0400,0.3130,PV,-1745.6384,0.3673,0.0014,0.9025,0.0128,546449575.8297,6581957.3870,4.7292,2.1634,0.6295,13.4623,0.6299,13.4656,0.0093,0.0507,0.0186,0.1014,18.6224,25.5053
,I471,6303204840.3642,74316271.5433,507.5659,507.4674,66.5710,67.2123,2.1089,1.0847,61,4,17,5.1088,6.3988,0.0350,0.3500,PV,-1745.6384,0.3673,0.0014,0.9025,0.0000,607962406.2822,7168020.1449,4.2178,2.1694,0.7018,13.6714,0.7022,13.6413,0.0083,0.0508,0.0166,0.1017,16.6086,25.5759
,I552,12242639854.3866,118952776.8893,510.4060,511.6839,64.5791,64.0400,2.3379,1.2432,61,4,17,5.1088,6.3988,0.0350,0.3500,PV,-1745.6384,0.3673,0.0014,0.9025,0.5034,652258800.3269,6337521.6842,4.6757,2.4864,0.6906,13.7647,0.6856,13.7900,0.0092,0.0583,0.0184,0.1165,18.4119,29.3131
,I522,11277386911.3231,143154681.1580,525.9407,525.8321,71.0300,70.9606,2.3646,1.0817,61,4,18,5.1088,6.3988,0.0400,0.3130,PV,-1415.2927,1.2716,0.0048,-3.5167,0.0128,964791371.6413,12247021.6086,4.7292,2.1634,0.6295,13.4623,0.6299,13.4656,0.0093,0.0507,0.0186,0.1014,18.6224,25.5053
,I471,12137788335.5496,138279988.2397,507.5659,507.4674,66.5710,67.2123,2.1089,1.0847,61,4,18,5.1088,6.3988,0.0350,0.3500,PV,-1415.2927,1.2716,0.0048,-3.5167,0.0000,1170724923.3231,13337506.3194,4.2178,2.1694,0.7018,13.6714,0.7022,13.6413,0.0083,0.0508,0.0166,0.1017,16.6086,25.5759
,I552,20575586123.9563,221334954.5344,510.4060,511.6839,64.5791,64.0400,2.3379,1.2432,61,4,18,5.1088,6.3988,0.0350,0.3500,PV,-1415.2927,1.2716,0.0048,-3.5167,0.5034,1096218403.9439,11792201.1619,4.6757,2.4864,0.6906,13.7647,0.6856,13.7900,0.0092,0.0583,0.0184,0.1165,18.4119,29.3131
,I522,7182115992.5527,94306314.4429,525.9407,525.8321,71.0300,70.9606,2.3646,1.0817,61,4,19,5.1088,6.3988,0.0400,0.3130,PV,-1637.3375,0.5519,0.0021,-0.7439,0.0128,614436978.5508,8067996.5298,4.7292,2.1634,0.6295,13.4623,0.6299,13.4656,0.0093,0.0507,0.0186,0.1014,18.6224,25.5053
,I471,7101337888.0782,91095001.3963,507.5659,507.4674,66.5710,67.2123,2.1089,1.0847,61,4,19,5.1088,6.3988,0.0350,0.3500,PV,-1637.3375,0.5519,0.0021,-0.7439,0.0000,684944655.8697,8786377.3512,4.2178,2.1694,0.7018,13.6714,0.7022,13.6413,0.0083,0.0508,0.0166,0.1017,16.6086,25.5759
,I552,13687058240.5864,145809298.7611,510.4060,511.6839,64.5791,64.0400,2.3379,1.2432,61,4,19,5.1088,6.3988,0.0350,0.3500,PV,-1637.3375,0.5519,0.0021,-0.7439,0.5034,729213984.4178,7768373.4405,4.6757,2.4864,0.6906,13.7647,0.6856,13.7900,0.0092,0.0583,0.0184,0.1165,18.4119,29.3131
,I522,10354438025.7046,122538922.5316,525.9407,525.8321,71.0300,70.9606,2.3646,1.0817,61,4,20,5.1088,6.3988,0.0400,0.3130,PV,-1498.0171,0.9317,0.0035,-2.4759,0.0128,885832200.6638,10483323.4931,4.7292,2.1634,0.6295,13.4623,0.6299,13.4656,0.0093,0.0507,0.0186,0.1014,18.6224,25.5053
,I471,11773613290.1473,118366234.5328,507.5659,507.4674,66.5710,67.2123,2.1089,1.0847,61,4,20,5.1088,6.3988,0.0350,0.3500,PV,-1498.0171,0.9317,0.0035,-2.4759,0.0000,1135599182.9231,11416766.9609,4.2178,2.1694,0.7018,13.6714,0.7022,13.6413,0.0083,0.0508,0.0166,0.1017,16.6086,25.5759
,I552,18868127983.5245,189460425.2395,510.4060,511.6839,64.5791,64.0400,2.3379,1.2432,61,4,20,5.1088,6.3988,0.0350,0.3500,PV,-1498.0171,0.9317,0.0035,-2.4759,0.5034,1005249085.9265,10094001.8775,4.6757,2.4864,0.6906,13.7647,0.6856,13.7900,0.0092,0.0583,0.0184,0.1165,18.4119,29.3131
,I522,7322580783.9361,100400526.1456,525.9407,525.8321,71.0300,70.9606,2.3646,1.0817,61,4,21,5.1088,6.3988,0.0400,0.3130,PV,-1604.0241,0.6255,0.0024,-1.5135,0.0128,626453877.4842,8589362.2428,4.7292,2.1634,0.6295,13.4623,0.6299,13.4656,0.0093,0.0507,0.0186,0.1014,18.6224,25.5053
,I471,7546090236.9271,96981693.9881,507.5659,507.4674,66.5710,67.2123,2.1089,1.0847,61,4,21,5.1088,6.3988,0.0350,0.3500,PV,-1604.0241,0.6255,0.0024,-1.5135,0.0000,727842311.1187,9354165.9419,4.2178,2.1694,0.7018,13.6714,0.7022,13.6413,0.0083,0.0508,0.0166,0.1017,16.6086,25.5759
,I552,13644813870.0389,155231710.1040,510.4060,511.6839,64.5791,64.0400,2.3379,1.2432,61,4,21,5.1088,6.3988,0.0350,0.3500,PV,-1604.0241,0.6255,0.0024,-1.5135,0.5034,726963304.5987,8270377.1580,4.6757,2.4864,0.6906,13.7647,0.6856,13.7900,0.0092,0.0583,0.0184,0.1165,18.4119,29.3131
,I522,10093935241.1962,124442388.4102,525.9407,525.8321,71.0300,70.9606,2.3646,1.0817,61,4,22,5.1088,6.3988,0.0400,0.3130,PV,-1489.8168,0.9609,0.0037,-4.2292,0.0128,863545935.1699,10646166.8424,4.7292,2.1634,0.6295,13.4623,0.6299,13.4656,0.0093,0.0507,0.0186,0.1014,18.6224,25.5053
,I471,12076066444.5249,120204884.3877,507.5659,507.4674,66.5710,67.2123,2.1089,1.0847,61,4,22,5.1088,6.3988,0.0350,0.3500,PV,-1489.8168,0.9609,0.0037,-4.2292,0.0000,1164771667.7431,11594110.0773,4.2178,2.1694,0.7018,13.6714,0.7022,13.6413,0.0083,0.0508,0.0166,0.1017,16.6086,25.5759
,I552,18663044137.0144,192403420.4083,510.4060,511.6839,64.5791,64.0400,2.3379,1.2432,61,4,22,5.1088,6.3988,0.0350,0.3500,PV,-1489.8168,0.9609,0.0037,-4.2292,0.5034,994322705.2372,10250797.6766,4.6757,2.4864,0.6906,13.7647,0.6856,13.7900,0.0092,0.0583,0.0184,0.1165,18.4119,29.3131
,I522,7469296200.8789,90892386.6226,525.9407,525.8321,71.0300,70.9606,2.3646,1.0817,61,4,23,5.1088,6.3988,0.0400,0.3130,PV,-1656.9534,0.5126,0.0019,0.9183,0.0128,639005523.4875,7775931.6986,4.7292,2.1634,0.6295,13.4623,0.6299,13.4656,0.0093,0.0507,0.0186,0.1014,18.6224,25.5053
,I471,8109186628.5416,87797324.8095,507.5659,507.4674,66.5710,67.2123,2.1089,1.0847,61,4,23,5.1088,6.3988,0.0350,0.3500,PV,-1656.9534,0.5126,0.0019,0.9183,0.0000,782154592.8682,8468306.8706,4.2178,2.1694,0.7018,13.6714,0.7022,13.6413,0.0083,0.0508,0.0166,0.1017,16.6086,25.5759
,I552,13643708101.0411,140530941.6163,510.4060,511.6839,64.5791,64.0400,2.3379,1.2432,61,4,23,5.1088,6.3988,0.0350,0.3500,PV,-1656.9534,0.5126,0.0019,0.9183,0.5034,726904391.8504,7487155.0971,4.6757,2.4864,0.6906,13.7647,0.6856,13.7900,0.0092,0.0583,0.0184,0.1165,18.4119,29.3131
,I522,9343485413.3205,108357164.9356,525.9407,525.8321,71.0300,70.9606,2.3646,1.0817,61,4,24,5.1088,6.3988,0.0400,0.3130,PV,-1563.4509,0.7286,0.0028,-0.9113,0.0128,799344225.6359,9270060.3967,4.7292,2.1634,0.6295,13.4623,0.6299,13.4656,0.0093,0.0507,0.0186,0.1014,18.6224,25.5053
,I471,10624119190.1655,104667395.2775,507.5659,507.4674,66.5710,67.2123,2.1089,1.0847,61,4,24,5.1088,6.3988,0.0350,0.3500,PV,-1563.4509,0.7286,0.0028,-0.9113,0.0000,1024727139.7750,10095474.1443,4.2178,2.1694,0.7018,13.6714,0.7022,13.6413,0.0083,0.0508,0.0166,0.1017,16.6086,25.5759
,I552,16716896487.8585,167533663.3088,510.4060,511.6839,64.5791,64.0400,2.3379,1.2432,61,4,24,5.1088,6.3988,0.0350,0.3500,PV,-1563.4509,0.7286,0.0028,-0.9113,0.5034,890636576.5921,8925796.0329,4.6757,2.4864,0.6906,13.7647,0.6856,13.7900,0.0092,0.0583,0.0184,0.1165,18.4119,29.3131
,I522,7351814112.1568,94087223.6925,525.9407,525.8321,71.0300,70.9606,2.3646,1.0817,61,4,25,5.1088,6.3988,0.0400,0.3130,PV,-1638.5749,0.5493,0.0021,1.1695,0.0128,628954817.0239,8049253.1039,4.7292,2.1634,0.6295,13.4623,0.6299,13.4656,0.0093,0.0507,0.0186,0.1014,18.6224,25.5053
,I471,8104708460.2023,90883372.1532,507.5659,507.4674,66.5710,67.2123,2.1089,1.0847,61,4,25,5.1088,6.3988,0.0350,0.3500,PV,-1638.5749,0.5493,0.0021,1.1695,0.0000,781722660.5309,8765965.0963,4.2178,2.1694,0.7018,13.6714,0.7022,13.6413,0.0083,0.0508,0.0166,0.1017,16.6086,25.5759
,I552,13780245200.2996,145470557.9732,510.4060,511.6839,64.5791,64.0400,2.3379,1.2432,61,4,25,5.1088,6.3988,0.0350,0.3500,PV,-1638.5749,0.5493,0.0021,1.1695,0.5034,734178764.5038,7750326.1351,4.6757,2.4864,0.6906,13.7647,0.6856,13.7900,0.0092,0.0583,0.0184,0.1165,18.4119,29.3131
,I522,8376500520.6838,100975021.8647,525.9407,525.8321,71.0300,70.9606,2.3646,1.0817,61,4,26,5.1088,6.3988,0.0400,0.3130,PV,-1600.9886,0.6327,0.0024,0.3657,0.0128,716617731.6121,8638510.9079,4.7292,2.1634,0.6295,13.4623,0.6299,13.4656,0.0093,0.0507,0.0186,0.1014,18.6224,25.5053
,I471,10505355322.0683,97536628.1826,507.5659,507.4674,66.5710,67.2123,2.1089,1.0847,61,4,26,5.1088,6.3988,0.0350,0.3500,PV,-1600.9886,0.6327,0.0024,0.3657,0.0000,1013272019.9024,9407690.9560,4.2178,2.1694,0.7018,13.6714,0.7022,13.6413,0.0083,0.0508,0.0166,0.1017,16.6086,25.5759
,I552,16016170498.5727,156119951.2352,510.4060,511.6839,64.5791,64.0400,2.3379,1.2432,61,4,26,5.1088,6.3988,0.0350,0.3500,PV,-1600.9886,0.6327,0.0024,0.3657,0.5034,853303558.6674,8317700.5377,4.6757,2.4864,0.6906,13.7647,0.6856,13.7900,0.0092,0.0583,0.0184,0.1165,18.4119,29.3131
,I522,6991303447.5381,96349881.5341,525.9407,525.8321,71.0300,70.9606,2.3646,1.0817,61,4,27,5.1088,6.3988,0.0400,0.3130,PV,-1625.9325,0.5760,0.0022,-0.7046,0.0128,598112780.5359,8242825.6735,4.7292,2.1634,0.6295,13.4623,0.6299,13.4656,0.0093,0.0507,0.0186,0.1014,18.6224,25.5053
,I471,8666088033.8800,93068981.2783,507.5659,507.4674,66.5710,67.2123,2.1089,1.0847,61,4,27,5.1088,6.3988,0.0350,0.3500,PV,-1625.9325,0.5760,0.0022,-0.7046,0.0000,835869350.2061,8976773.4416,4.2178,2.1694,0.7018,13.6714,0.7022,13.6413,0.0083,0.0508,0.0166,0.1017,16.6086,25.5759
,I552,13344757503.9964,148968907.4122,510.4060,511.6839,64.5791,64.0400,2.3379,1.2432,61,4,27,5.1088,6.3988,0.0350,0.3500,PV,-1625.9325,0.5760,0.0022,-0.7046,0.5034,710977013.4333,7936709.8919,4.6757,2.4864,0.6906,13.7647,0.6856,13.7900,0.0092,0.0583,0.0184,0.1165,18.4119,29.3131
_I550_,I550,29857925505.8384,219779264.4791,436.0155,436.5991,63.3188,63.8715,2.2547,1.0575,62,3,0,5.1088,6.3988,0.0350,0.3500,PV,-450.9970,1.2671,0.0124,-2.3402,0.0000,2762985105.3626,20337877.5965,4.5094,2.1150,0.9835,13.8238,0.9812,13.7979,0.0089,0.0496,0.0178,0.0991,17.7568,24.9342
_I550_,I550,1267493334.6106,56036832.2354,436.0155,436.5991,63.3188,63.8715,2.2547,1.0575,62,3,1,5.1088,6.3988,0.0350,0.3500,PV,-732.5196,0.0824,0.0008,-0.2136,0.0000,117290975.3556,5185522.1083,4.5094,2.1150,0.9835,13.8238,0.9812,13.7979,0.0089,0.0496,0.0178,0.0991,17.7568,24.9342
_I550_,I550,29077023852.9686,284675854.5317,436.0155,436.5991,63.3188,63.8715,2.2547,1.0575,62,3,2,5.1088,6.3988,0.0350,0.3500,PV,-397.6992,2.1258,0.0208,-2.5688,0.0000,2690722227.1124,26343261.7170,4.5094,2.1150,0.9835,13.8238,0.9812,13.7979,0.0089,0.0496,0.0178,0.0991,17.7568,24.9342
_I550_,I550,1682140135.5957,58466156.8172,436.0155,436.5991,63.3188,63.8715,2.2547,1.0575,62,3,3,5.1088,6.3988,0.0350,0.3500,PV,-723.7772,0.0897,0.0009,0.4296,0.0000,155661455.4107,5410326.3277,4.5094,2.1150,0.9835,13.8238,0.9812,13.7979,0.0089,0.0496,0.0178,0.0991,17.7568,24.9342
_I550_,I550,28605921454.6661,255396860.7714,436.0155,436.5991,63.3188,63.8715,2.2547,1.0575,62,3,4,5.1088,6.3988,0.0350,0.3500,PV,-420.0569,1.7110,0.0168,-3.1151,0.0000,2647127473.3725,23633849.6501,4.5094,2.1150,0.9835,13.8238,0.9812,13.7979,0.0089,0.0496,0.0178,0.0991,17.7568,24.9342
_I550_,I550,2134992101.2950,47714923.1473,436.0155,436.5991,63.3188,63.8715,2.2547,1.0575,62,3,5,5.1088,6.3988,0.0350,0.3500,PV,-765.6372,0.0597,0.0006,0.5352,0.0000,197567355.2669,4415431.4048,4.5094,2.1150,0.9835,13.8238,0.9812,13.7979,0.0089,0.0496,0.0178,0.0991,17.7568,24.9342
_I550_,I550,27689932759.7214,228551926.3030,436.0155,436.5991,63.3188,63.8715,2.2547,1.0575,62,3,6,5.1088,6.3988,0.0350,0.3500,PV,-442.9343,1.3702,0.0134,-1.7733,0.0000,2562363944.8307,21149679.9419,4.5094,2.1150,0.9835,13.8238,0.9812,13.7979,0.0089,0.0496,0.0178,0.0991,17.7568,24.9342
_I550_,I550,2804063199.0251,60617603.2249,436.0155,436.5991,63.3188,63.8715,2.2547,1.0575,62,3,7,5.1088,6.3988,0.0350,0.3500,PV,-716.3329,0.0964,0.0009,-0.1920,0.0000,259481686.0899,5609416.3273,4.5094,2.1150,0.9835,13.8238,0.9812,13.7979,0.0089,0.0496,0.0178,0.0991,17.7568,24.9342
_I550_,I550,27138058642.4228,242285132.3446,436.0155,436.5991,63.3188,63.8715,2.2547,1.0575,62,3,8,5.1088,6.3988,0.0350,0.3500,PV,-430.9138,1.5398,0.0151,-1.6642,0.0000,2511294758.3317,22420519.8646,4.5094,2.1150,0.9835,13.8238,0.9812,13.7979,0.0089,0.0496,0.0178,0.0991,17.7568,24.9342
_I550_,I550,3509849942.3768,80065768.9408,436.0155,436.5991,63.3188,63.8715,2.2547,1.0575,62,3,9,5.1088,6.3988,0.0350,0.3500,PV,-659.0107,0.1682,0.0016,-0.2832,0.0000,324793599.9756,7409105.7327,4.5094,2.1150,0.9835,13.8238,0.9812,13.7979,0.0089,0.0496,0.0178,0.0991,17.7568,24.9342
_I550_,I550,25297826102.5972,247361884.7553,436.0155,436.5991,63.3188,63.8715,2.2547,1.0575,62,3,10,5.1088,6.3988,0.0350,0.3500,PV,-426.6419,1.6051,0.0157,-2.4934,0.0000,2341003788.2860,22890311.0861,4.5094,2.1150,0.9835,13.8238,0.9812,13.7979,0.0089,0.0496,0.0178,0.0991,17.7568,24.9342
_I550_,I550,4279834551.5907,50860039.6315,436.0155,436.5991,63.3188,63.8715,2.2547,1.0575,62,3,11,5.1088,6.3988,0.0350,0.3500,PV,-752.4875,0.0679,0.0007,-0.1594,0.0000,396046239.6207,4706473.3929,4.5094,2.1150,0.9835,13.8238,0.9812,13.7979,0.0089,0.0496,0.0178,0.0991,17.7568,24.9342
_I550_,I550,24325659797.4467,219784745.3248,436.0155,436.5991,63.3188,63.8715,2.2547,1.0575,62,3,12,5.1088,6.3988,0.0350,0.3500,PV,-450.9919,1.2671,0.0124,-2.4653,0.0000,2251041710.3600,20338384.7816,4.5094,2.1150,0.9835,13.8238,0.9812,13.7979,0.0089,0.0496,0.0178,0.0991,17.7568,24.9342
_I550_,I550,5031916181.8956,65935468.3663,436.0155,436.5991,63.3188,63.8715,2.2547,1.0575,62,3,13,5.1088,6.3988,0.0350,0.3500,PV,-699.0102,0.1140,0.0011,0.1337,0.0000,465642177.9635,6101519.5773,4.5094,2.1150,0.9835,13.8238,0.9812,13.7979,0.0089,0.0496,0.0178,0.0991,17.7568,24.9342
_I550_,I550,23358099012.0129,218681202.6433,436.0155,436.5991,63.3188,63.8715,2.2547,1.0575,62,3,14,5.1088,6.3988,0.0350,0.3500,PV,-452.0288,1.2544,0.0123,-1.6625,0.0000,2161505816.8444,20236265.4300,4.5094,2.1150,0.9835,13.8238,0.9812,13.7979,0.0089,0.0496,0.0178,0.0991,17.7568,24.9342
_I550_,I550,5719716373.5946,69936099.8661,436.0155,436.5991,63.3188,63.8715,2.2547,1.0575,62,3,15,5.1088,6.3988,0.0350,0.3500,PV,-686.8756,0.1283,0.0013,0.8992,0.0000,529289656.9137,6471728.9960,4.5094,2.1150,0.9835,13.8238,0.9812,13.7979,0.0089,0.0496,0.0178,0.0991,17.7568,24.9342
_I550_,I550,22502070609.5545,216935597.7660,436.0155,436.5991,63.3188,63.8715,2.2547,1.0575,62,3,16,5.1088,6.3988,0.0350,0.3500,PV,-453.6798,1.2345,0.0121,-2.2029,0.0000,2082290878.5763,20074731.0905,4.5094,2.1150,0.9835,13.8238,0.9812,13.7979,0.0089,0.0496,0.0178,0.0991,17.7568,24.9342
_I550_,I550,7155991086.9248,96230963.7480,436.0155,436.5991,63.3188,63.8715,2.2547,1.0575,62,3,17,5.1088,6.3988,0.0350,0.3500,PV,-621.1268,0.2429,0.0024,0.6545,0.0000,662199280.5031,8904996.4124,4.5094,2.1150,0.9835,13.8238,0.9812,13.7979,0.0089,0.0496,0.0178,0.0991,17.7568,24.9342
_I550_,I550,21170165307.2238,199311305.4860,436.0155,436.5991,63.3188,63.8715,2.2547,1.0575,62,3,18,5.1088,6.3988,0.0350,0.3500,PV,-471.1347,1.0420,0.0102,-0.3667,0.0000,1959039364.9581,18443818.8206,4.5094,2.1150,0.9835,13.8238,0.9812,13.7979,0.0089,0.0496,0.0178,0.0991,17.7568,24.9342
_I550_,I550,7901454210.0373,85701456.7537,436.0155,436.5991,63.3188,63.8715,2.2547,1.0575,62,3,19,5.1088,6.3988,0.0350,0.3500,PV,-644.9983,0.1927,0.0019,-1.0914,0.0000,731182757.1131,7930619.5761,4.5094,2.1150,0.9835,13.8238,0.9812,13.7979,0.0089,0.0496,0.0178,0.0991,17.7568,24.9342
_I550_,I550,20367638627.7665,203823296.2556,436.0155,436.5991,63.3188,63.8715,2.2547,1.0575,62,3,20,5.1088,6.3988,0.0350,0.3500,PV,-466.5233,1.0898,0.0107,-1.6248,0.0000,1884775355.5056,18861348.2732,4.5094,2.1150,0.9835,13.8238,0.9812,13.7979,0.0089,0.0496,0.0178,0.0991,17.7568,24.9342
_I550_,I550,8831715233.5190,62987657.5158,436.0155,436.5991,63.3188,63.8715,2.2547,1.0575,62,3,21,5.1088,6.3988,0.0350,0.3500,PV,-708.4321,0.1041,0.0010,-0.4064,0.0000,817267014.7578,5828735.8076,4.5094,2.1150,0.9835,13.8238,0.9812,13.7979,0.0089,0.0496,0.0178,0.0991,17.7568,24.9342
_I550_,I550,19212670535.7834,170056244.7242,436.0155,436.5991,63.3188,63.8715,2.2547,1.0575,62,3,22,5.1088,6.3988,0.0350,0.3500,PV,-503.8349,0.7586,0.0074,-1.1249,0.0000,1777897212.3910,15736621.4593,4.5094,2.1150,0.9835,13.8238,0.9812,13.7979,0.0089,0.0496,0.0178,0.0991,17.7568,24.9342
_I550_,I550,9736674095.3194,83808361.9021,436.0155,436.5991,63.3188,63.8715,2.2547,1.0575,62,3,23,5.1088,6.3988,0.0350,0.3500,PV,-649.5998,0.1842,0.0018,-1.4213,0.0000,901009867.4095,7755436.8469,4.5094,2.1150,0.9835,13.8238,0.9812,13.7979,0.0089,0.0496,0.0178,0.0991,17.7568,24.9342
_I550_,I550,18110537773.0420,165723823.3110,436.0155,436.5991,63.3188,63.8715,2.2547,1.0575,62,3,24,5.1088,6.3988,0.0350,0.3500,PV,-509.1510,0.7204,0.0071,-0.8350,0.0000,1675908331.5161,15335708.9501,4.5094,2.1150,0.9835,13.8238,0.9812,13.7979,0.0089,0.0496,0.0178,0.0991,17.7568,24.9342
_I550_,I550,9771780073.3476,90458103.3552,436.0155,436.5991,63.3188,63.8715,2.2547,1.0575,62,3,25,5.1088,6.3988,0.0350,0.3500,PV,-633.8708,0.2146,0.0021,1.6017,0.0000,904258495.4624,8370788.9277,4.5094,2.1150,0.9835,13.8238,0.9812,13.7979,0.0089,0.0496,0.0178,0.0991,17.7568,24.9342
_I550_,I550,17064362326.3278,127585449.4019,436.0155,436.5991,63.3188,63.8715,2.2547,1.0575,62,3,26,5.1088,6.3988,0.0350,0.3500,PV,-563.0275,0.4270,0.0042,-1.3553,0.0000,1579097614.4989,11806469.8195,4.5094,2.1150,0.9835,13.8238,0.9812,13.7979,0.0089,0.0496,0.0178,0.0991,17.7568,24.9342
_I550_,I550,10008113948.1741,70820097.9351,436.0155,436.5991,63.3188,63.8715,2.2547,1.0575,62,3,27,5.1088,6.3988,0.0350,0.3500,PV,-684.2881,0.1316,0.0013,0.6141,0.0000,926128299.3746,6553532.1842,4.5094,2.1150,0.9835,13.8238,0.9812,13.7979,0.0089,0.0496,0.0178,0.0991,17.7568,24.9342
_I494_,I494,33812805787.7877,263630770.2725,457.9339,457.9104,20.9132,21.2219,2.3042,1.1003,67,2,0,5.1088,6.3988,0.0350,0.3500,PV,-433.7126,1.5759,0.0153,-4.8072,0.0728,2805958612.8875,21877422.2734,4.6084,2.2007,0.8972,15.8116,0.8973,15.7971,0.0091,0.0516,0.0181,0.1032,18.1466,25.9450
_I494_,I494,749423113.7719,63675458.5998,457.9339,457.9104,20.9132,21.2219,2.3042,1.1003,67,2,1,5.1088,6.3988,0.0350,0.3500,PV,-729.2287,0.0919,0.0009,-0.5657,0.0728,62190941.9166,5284113.4394,4.6084,2.2007,0.8972,15.8116,0.8973,15.7971,0.0091,0.0516,0.0181,0.1032,18.1466,25.9450
_I494_,I494,32797126263.2380,261260715.1818,457.9339,457.9104,20.9132,21.2219,2.3042,1.1003,67,2,2,5.1088,6.3988,0.0350,0.3500,PV,-435.5910,1.5477,0.0150,-3.2205,0.0728,2721672359.6931,21680743.0467,4.6084,2.2007,0.8972,15.8116,0.8973,15.7971,0.0091,0.0516,0.0181,0.1032,18.1466,25.9450
_I494_,I494,1639123672.9474,60050387.5626,457.9339,457.9104,20.9132,21.2219,2.3042,1.1003,67,2,3,5.1088,6.3988,0.0350,0.3500,PV,-741.4207,0.0818,0.0008,-1.3574,0.0728,136022819.7731,4983286.6059,4.6084,2.2007,0.8972,15.8116,0.8973,15.7971,0.0091,0.0516,0.0181,0.1032,18.1466,25.9450
_I494_,I494,31532008392.1780,251644405.7566,457.9339,457.9104,20.9132,21.2219,2.3042,1.1003,67,2,4,5.1088,6.3988,0.0350,0.3500,PV,-443.3914,1.4359,0.0139,-3.8060,0.0728,2616686443.7387,20882732.7773,4.6084,2.2007,0.8972,15.8116,0.8973,15.7971,0.0091,0.0516,0.0181,0.1032,18.1466,25.9450
_I494_,I494,2320682743.0719,51551384.0868,457.9339,457.9104,20.9132,21.2219,2.3042,1.1003,67,2,5,5.1088,6.3988,0.0350,0.3500,PV,-773.1625,0.0603,0.0006,0.9368,0.0728,192582058.1578,4277996.0673,4.6084,2.2007,0.8972,15.8116,0.8973,15.7971,0.0091,0.0516,0.0181,0.1032,18.1466,25.9450
_I494_,I494,30359541858.4916,226668821.3951,457.9339,457.9104,20.9132,21.2219,2.3042,1.1003,67,2,6,5.1088,6.3988,0.0350,0.3500,PV,-465.1330,1.1650,0.0113,-3.7990,0.0728,2519389207.0300,18810131.7489,4.6084,2.2007,0.8972,15.8116,0.8973,15.7971,0.0091,0.0516,0.0181,0.1032,18.1466,25.9450
_I494_,I494,3406645598.9773,57648506.2386,457.9339,457.9104,20.9132,21.2219,2.3042,1.1003,67,2,7,5.1088,6.3988,0.0350,0.3500,PV,-749.9112,0.0754,0.0007,-1.0604,0.0728,282700779.6838,4783966.2764,4.6084,2.2007,0.8972,15.8116,0.8973,15.7971,0.0091,0.0516,0.0181,0.1032,18.1466,25.9450
_I494_,I494,28893468337.6905,218578828.7720,457.9339,457.9104,20.9132,21.2219,2.3042,1.1003,67,2,8,5.1088,6.3988,0.0350,0.3500,PV,-472.6924,1.0833,0.0105,-3.3734,0.0728,2397726969.1005,18138783.0113,4.6084,2.2007,0.8972,15.8116,0.8973,15.7971,0.0091,0.0516,0.0181,0.1032,18.1466,25.9450
_I494_,I494,4804255650.6782,54774078.6863,457.9339,457.9104,20.9132,21.2219,2.3042,1.1003,67,2,9,5.1088,6.3988,0.0350,0.3500,PV,-760.5498,0.0680,0.0007,0.0157,0.0728,398681570.7084,4545431.6574,4.6084,2.2007,0.8972,15.8116,0.8973,15.7971,0.0091,0.0516,0.0181,0.1032,18.1466,25.9450
_I494_,I494,26923757328.6467,219754638.1142,457.9339,457.9104,20.9132,21.2219,2.3042,1.1003,67,2,10,5.1088,6.3988,0.0350,0.3500,PV,-471.5765,1.0950,0.0106,-2.6072,0.0728,2234270330.6478,18236357.6513,4.6084,2.2007,0.8972,15.8116,0.8973,15.7971,0.0091,0.0516,0.0181,0.1032,18.1466,25.9450
_I494_,I494,6007854909.4775,74077686.7019,457.9339,457.9104,20.9132,21.2219,2.3042,1.1003,67,2,11,5.1088,6.3988,0.0350,0.3500,PV,-697.7552,0.1244,0.0012,0.0374,0.0728,498562359.3034,6147343.2382,4.6084,2.2007,0.8972,15.8116,0.8973,15.7971,0.0091,0.0516,0.0181,0.1032,18.1466,25.9450
_I494_,I494,25817428085.4359,191588945.3786,457.9339,457.9104,20.9132,21.2219,2.3042,1.1003,67,2,12,5.1088,6.3988,0.0350,0.3500,PV,-500.1057,0.8323,0.0081,-2.8407,0.0728,2142461502.7096,15899025.2034,4.6084,2.2007,0.8972,15.8116,0.8973,15.7971,0.0091,0.0516,0.0181,0.1032,18.1466,25.9450
_I494_,I494,7235067423.3400,94486067.9507,457.9339,457.9104,20.9132,21.2219,2.3042,1.1003,67,2,13,5.1088,6.3988,0.0350,0.3500,PV,-647.1408,0.2024,0.0020,-0.8221,0.0728,600402695.9122,7840934.5213,4.6084,2.2007,0.8972,15.8116,0.8973,15.7971,0.0091,0.0516,0.0181,0.1032,18.1466,25.9450
_I494_,I494,24809087960.4406,217110305.2070,457.9339,457.9104,20.9132,21.2219,2.3042,1.1003,67,2,14,5.1088,6.3988,0.0350,0.3500,PV,-474.0946,1.0688,0.0104,-3.8017,0.0728,2058784310.2220,18016917.4562,4.6084,2.2007,0.8972,15.8116,0.8973,15.7971,0.0091,0.0516,0.0181,0.1032,18.1466,25.9450
_I494_,I494,8225726144.8526,74794428.8637,457.9339,457.9104,20.9132,21.2219,2.3042,1.1003,67,2,15,5.1088,6.3988,0.0350,0.3500,PV,-695.7523,0.1268,0.0012,1.0936,0.0728,682612595.6024,6206822.1485,4.6084,2.2007,0.8972,15.8116,0.8973,15.7971,0.0091,0.0516,0.0181,0.1032,18.1466,25.9450
_I494_,I494,23005056027.7944,188575096.4388,457.9339,457.9104,20.9132,21.2219,2.3042,1.1003,67,2,16,5.1088,6.3988,0.0350,0.3500,PV,-503.4037,0.8063,0.0078,-2.5663,0.0728,1909076564.2544,15648920.6885,4.6084,2.2007,0.8972,15.8116,0.8973,15.7971,0.0091,0.0516,0.0181,0.1032,18.1466,25.9450
_I494_,I494,9794784782.5770,80196613.3108,457.9339,457.9104,20.9132,21.2219,2.3042,1.1003,67,2,17,5.1088,6.3988,0.0350,0.3500,PV,-681.2468,0.1458,0.0014,-0.9634,0.0728,812821062.3674,6655122.8921,4.6084,2.2007,0.8972,15.8116,0.8973,15.7971,0.0091,0.0516,0.0181,0.1032,18.1466,25.9450
_I494_,I494,21194973495.7442,153371862.0502,457.9339,457.9104,20.9132,21.2219,2.3042,1.1003,67,2,18,5.1088,6.3988,0.0350,0.3500,PV,-546.3829,0.5334,0.0052,-0.8636,0.0728,1758866708.7718,12727577.2379,4.6084,2.2007,0.8972,15.8116,0.8973,15.7971,0.0091,0.0516,0.0181,0.1032,18.1466,25.9450
_I494_,I494,10548799476.0120,81240370.9273,457.9339,457.9104,20.9132,21.2219,2.3042,1.1003,67,2,19,5.1088,6.3988,0.0350,0.3500,PV,-678.5572,0.1497,0.0015,-0.3139,0.0728,875393036.9195,6741739.2082,4.6084,2.2007,0.8972,15.8116,0.8973,15.7971,0.0091,0.0516,0.0181,0.1032,18.1466,25.9450
_I494_,I494,19820624793.7881,141175312.2427,457.9339,457.9104,20.9132,21.2219,2.3042,1.1003,67,2,20,5.1088,6.3988,0.0350,0.3500,PV,-563.6184,0.4519,0.0044,-1.6963,0.0728,1644816262.8677,11715445.4972,4.6084,2.2007,0.8972,15.8116,0.8973,15.7971,0.0091,0.0516,0.0181,0.1032,18.1466,25.9450
_I494_,I494,11563850137.5083,85504296.6933,457.9339,457.9104,20.9132,21.2219,2.3042,1.1003,67,2,21,5.1088,6.3988,0.0350,0.3500,PV,-667.9171,0.1658,0.0016,0.3069,0.0728,959627103.8590,7095581.4567,4.6084,2.2007,0.8972,15.8116,0.8973,15.7971,0.0091,0.0516,0.0181,0.1032,18.1466,25.9450
_I494_,I494,18411238396.4779,131773588.7518,457.9339,457.9104,20.9132,21.2219,2.3042,1.1003,67,2,22,5.1088,6.3988,0.0350,0.3500,PV,-577.9532,0.3937,0.0038,-0.4257,0.0728,1527858210.7842,10935242.6601,4.6084,2.2007,0.8972,15.8116,0.8973,15.7971,0.0091,0.0516,0.0181,0.1032,18.1466,25.9450
_I494_,I494,12011192509.4914,92683723.0639,457.9339,457.9104,20.9132,21.2219,2.3042,1.1003,67,2,23,5.1088,6.3988,0.0350,0.3500,PV,-651.1468,0.1948,0.0019,1.0929,0.0728,996749849.2902,7691366.7750,4.6084,2.2007,0.8972,15.8116,0.8973,15.7971,0.0091,0.0516,0.0181,0.1032,18.1466,25.9450
_I494_,I494,16944973193.2117,94089760.3064,457.9339,457.9104,20.9132,21.2219,2.3042,1.1003,67,2,24,5.1088,6.3988,0.0350,0.3500,PV,-648.0151,0.2007,0.0019,-0.9040,0.0728,1406180066.0687,7808046.8972,4.6084,2.2007,0.8972,15.8116,0.8973,15.7971,0.0091,0.0516,0.0181,0.1032,18.1466,25.9450
_I494_,I494,12501059189.7656,84437697.1197,457.9339,457.9104,20.9132,21.2219,2.3042,1.1003,67,2,25,5.1088,6.3988,0.0350,0.3500,PV,-670.5280,0.1617,0.0016,-0.1652,0.0728,1037401478.1231,7007069.5988,4.6084,2.2007,0.8972,15.8116,0.8973,15.7971,0.0091,0.0516,0.0181,0.1032,18.1466,25.9450
_I494_,I494,15993120747.5429,92293345.9611,457.9339,457.9104,20.9132,21.2219,2.3042,1.1003,67,2,26,5.1088,6.3988,0.0350,0.3500,PV,-652.0248,0.1931,0.0019,-0.9176,0.0728,1327190508.5359,7658971.2974,4.6084,2.2007,0.8972,15.8116,0.8973,15.7971,0.0091,0.0516,0.0181,0.1032,18.1466,25.9450
_I494_,I494,12373590861.3589,83715882.3488,457.9339,457.9104,20.9132,21.2219,2.3042,1.1003,67,2,27,5.1088,6.3988,0.0350,0.3500,PV,-672.3138,0.1589,0.0015,-1.1590,0.0728,1026823507.8651,6947169.7376,4.6084,2.2007,0.8972,15.8116,0.8973,15.7971,0.0091,0.0516,0.0181,0.1032,18.1466,25.9450
_M574_,M574,-24381864265.9490,159648392.4516,91.9615,91.9100,107.1431,107.2443,2.1907,0.9887,77,1,0,5.1088,6.3988,0.0350,0.3500,PV,-516.6279,0.7517,0.0072,-1.3038,0.0000,-2483823267.6228,16263661.6907,4.3813,1.9773,2.3380,11.7695,2.3382,11.7648,0.0086,0.0463,0.0172,0.0927,17.2525,23.3116
_M574_,M574,-891691610.6254,55191521.8407,91.9615,91.9100,107.1431,107.2443,2.1907,0.9887,77,1,1,5.1088,6.3988,0.0350,0.3500,PV,-739.6824,0.0898,0.0009,0.9389,0.0000,-90838188.0014,5622457.1111,4.3813,1.9773,2.3380,11.7695,2.3382,11.7648,0.0086,0.0463,0.0172,0.0927,17.2525,23.3116
_M574_,M574,-24210577635.7318,167013815.6763,91.9615,91.9100,107.1431,107.2443,2.1907,0.9887,77,1,2,5.1088,6.3988,0.0350,0.3500,PV,-507.1563,0.8227,0.0079,-2.7402,0.0000,-2466373998.2427,17013990.2702,4.3813,1.9773,2.3380,11.7695,2.3382,11.7648,0.0086,0.0463,0.0172,0.0927,17.2525,23.3116
_M574_,M574,-962685359.5942,55882713.2820,91.9615,91.9100,107.1431,107.2443,2.1907,0.9887,77,1,3,5.1088,6.3988,0.0350,0.3500,PV,-737.0688,0.0921,0.0009,1.0088,0.0000,-98070445.7001,5692869.9952,4.3813,1.9773,2.3380,11.7695,2.3382,11.7648,0.0086,0.0463,0.0172,0.0927,17.2525,23.3116
_M574_,M574,-23316074855.8287,127509134.8455,91.9615,91.9100,107.1431,107.2443,2.1907,0.9887,77,1,4,5.1088,6.3988,0.0350,0.3500,PV,-563.8329,0.4795,0.0046,-1.7029,0.0000,-2375249431.4974,12989579.1605,4.3813,1.9773,2.3380,11.7695,2.3382,11.7648,0.0086,0.0463,0.0172,0.0927,17.2525,23.3116
_M574_,M574,-880341515.9835,36053764.6405,91.9615,91.9100,107.1431,107.2443,2.1907,0.9887,77,1,5,5.1088,6.3988,0.0350,0.3500,PV,-829.1000,0.0383,0.0004,-0.5485,0.0000,-89681933.9573,3672860.2261,4.3813,1.9773,2.3380,11.7695,2.3382,11.7648,0.0086,0.0463,0.0172,0.0927,17.2525,23.3116
_M574_,M574,-22928431158.4204,147114305.5043,91.9615,91.9100,107.1431,107.2443,2.1907,0.9887,77,1,6,5.1088,6.3988,0.0350,0.3500,PV,-533.7983,0.6383,0.0061,-2.9778,0.0000,-2335759488.2893,14986792.2742,4.3813,1.9773,2.3380,11.7695,2.3382,11.7648,0.0086,0.0463,0.0172,0.0927,17.2525,23.3116
_M574_,M574,-1375026361.6463,34663285.8785,91.9615,91.9100,107.1431,107.2443,2.1907,0.9887,77,1,7,5.1088,6.3988,0.0350,0.3500,PV,-837.3594,0.0354,0.0003,0.7119,0.0000,-140076346.6402,3531209.7163,4.3813,1.9773,2.3380,11.7695,2.3382,11.7648,0.0086,0.0463,0.0172,0.0927,17.2525,23.3116
_M574_,M574,-22529063308.6807,130093038.9609,91.9615,91.9100,107.1431,107.2443,2.1907,0.9887,77,1,8,5.1088,6.3988,0.0350,0.3500,PV,-559.6199,0.4992,0.0048,-1.3615,0.0000,-2295075185.1243,13252806.0038,4.3813,1.9773,2.3380,11.7695,2.3382,11.7648,0.0086,0.0463,0.0172,0.0927,17.2525,23.3116
_M574_,M574,-1801811933.7556,37126769.8613,91.9615,91.9100,107.1431,107.2443,2.1907,0.9887,77,1,9,5.1088,6.3988,0.0350,0.3500,PV,-822.9414,0.0407,0.0004,-0.1841,0.0000,-183553741.2614,3782169.1495,4.3813,1.9773,2.3380,11.7695,2.3382,11.7648,0.0086,0.0463,0.0172,0.0927,17.2525,23.3116
_M574_,M574,-21383701714.1265,139403256.5458,91.9615,91.9100,107.1431,107.2443,2.1907,0.9887,77,1,10,5.1088,6.3988,0.0350,0.3500,PV,-545.1045,0.5732,0.0055,-2.0260,0.0000,-2178395191.0367,14201254.1951,4.3813,1.9773,2.3380,11.7695,2.3382,11.7648,0.0086,0.0463,0.0172,0.0927,17.2525,23.3116
_M574_,M574,-2224208797.4716,55601157.8621,91.9615,91.9100,107.1431,107.2443,2.1907,0.9887,77,1,11,5.1088,6.3988,0.0350,0.3500,PV,-738.1296,0.0912,0.0009,1.0424,0.0000,-226584050.4627,5664187.4509,4.3813,1.9773,2.3380,11.7695,2.3382,11.7648,0.0086,0.0463,0.0172,0.0927,17.2525,23.3116
_M574_,M574,-20655110173.6741,132600816.0048,91.9615,91.9100,107.1431,107.2443,2.1907,0.9887,77,1,12,5.1088,6.3988,0.0350,0.3500,PV,-555.6103,0.5186,0.0050,-0.1654,0.0000,-2104172293.1882,13508277.6487,4.3813,1.9773,2.3380,11.7695,2.3382,11.7648,0.0086,0.0463,0.0172,0.0927,17.2525,23.3116
_M574_,M574,-2487014389.1013,43175789.7309,91.9615,91.9100,107.1431,107.2443,2.1907,0.9887,77,1,13,5.1088,6.3988,0.0350,0.3500,PV,-791.2436,0.0550,0.0005,-0.2197,0.0000,-253356516.9251,4398393.4108,4.3813,1.9773,2.3380,11.7695,2.3382,11.7648,0.0086,0.0463,0.0172,0.0927,17.2525,23.3116
_M574_,M574,-20648269101.2883,132860613.4051,91.9615,91.9100,107.1431,107.2443,2.1907,0.9887,77,1,14,5.1088,6.3988,0.0350,0.3500,PV,-555.1993,0.5206,0.0050,-2.2084,0.0000,-2103475381.1481,13534743.6655,4.3813,1.9773,2.3380,11.7695,2.3382,11.7648,0.0086,0.0463,0.0172,0.0927,17.2525,23.3116
_M574_,M574,-3007113035.0801,42149054.4831,91.9615,91.9100,107.1431,107.2443,2.1907,0.9887,77,1,15,5.1088,6.3988,0.0350,0.3500,PV,-796.2978,0.0524,0.0005,0.9020,0.0000,-306339878.0107,4293798.0907,4.3813,1.9773,2.3380,11.7695,2.3382,11.7648,0.0086,0.0463,0.0172,0.0927,17.2525,23.3116
_M574_,M574,-19852997093.5829,116378397.1013,91.9615,91.9100,107.1431,107.2443,2.1907,0.9887,77,1,16,5.1088,6.3988,0.0350,0.3500,PV,-583.0145,0.3995,0.0038,-1.6617,0.0000,-2022459627.1728,11855671.3882,4.3813,1.9773,2.3380,11.7695,2.3382,11.7648,0.0086,0.0463,0.0172,0.0927,17.2525,23.3116
_M574_,M574,-3659637192.1036,46751760.2858,91.9615,91.9100,107.1431,107.2443,2.1907,0.9887,77,1,17,5.1088,6.3988,0.0350,0.3500,PV,-774.5335,0.0645,0.0006,-0.5430,0.0000,-372813658.1213,4762683.8019,4.3813,1.9773,2.3380,11.7695,2.3382,11.7648,0.0086,0.0463,0.0172,0.0927,17.2525,23.3116
_M574_,M574,-19467181030.7988,108446547.2283,91.9615,91.9100,107.1431,107.2443,2.1907,0.9887,77,1,18,5.1088,6.3988,0.0350,0.3500,PV,-597.8383,0.3469,0.0033,-0.9275,0.0000,-1983155868.3087,11047639.9327,4.3813,1.9773,2.3380,11.7695,2.3382,11.7648,0.0086,0.0463,0.0172,0.0927,17.2525,23.3116
_M574_,M574,-4095112551.5945,67285411.0323,91.9615,91.9100,107.1431,107.2443,2.1907,0.9887,77,1,19,5.1088,6.3988,0.0350,0.3500,PV,-698.0743,0.1335,0.0013,-0.8199,0.0000,-417176296.6210,6854482.8103,4.3813,1.9773,2.3380,11.7695,2.3382,11.7648,0.0086,0.0463,0.0172,0.0927,17.2525,23.3116
_M574_,M574,-18951293598.0802,110925262.2631,91.9615,91.9100,107.1431,107.2443,2.1907,0.9887,77,1,20,5.1088,6.3988,0.0350,0.3500,PV,-593.0925,0.3629,0.0035,-1.3165,0.0000,-1930601510.9026,11300150.9799,4.3813,1.9773,2.3380,11.7695,2.3382,11.7648,0.0086,0.0463,0.0172,0.0927,17.2525,23.3116
_M574_,M574,-4759023577.9301,51413823.3679,91.9615,91.9100,107.1431,107.2443,2.1907,0.9887,77,1,21,5.1088,6.3988,0.0350,0.3500,PV,-754.5719,0.0780,0.0007,0.8190,0.0000,-484810077.0759,5237616.3433,4.3813,1.9773,2.3380,11.7695,2.3382,11.7648,0.0086,0.0463,0.0172,0.0927,17.2525,23.3116
_M574_,M574,-18309503775.2075,111158041.1132,91.9615,91.9100,107.1431,107.2443,2.1907,0.9887,77,1,22,5.1088,6.3988,0.0350,0.3500,PV,-592.6523,0.3644,0.0035,-1.1450,0.0000,-1865221256.2352,11323864.5695,4.3813,1.9773,2.3380,11.7695,2.3382,11.7648,0.0086,0.0463,0.0172,0.0927,17.2525,23.3116
_M574_,M574,-4953605788.7116,53055912.1014,91.9615,91.9100,107.1431,107.2443,2.1907,0.9887,77,1,23,5.1088,6.3988,0.0350,0.3500,PV,-747.9697,0.0830,0.0008,0.6469,0.0000,-504632508.0981,5404898.8020,4.3813,1.9773,2.3380,11.7695,2.3382,11.7648,0.0086,0.0463,0.0172,0.0927,17.2525,23.3116
_M574_,M574,-17243022902.2845,109999729.5497,91.9615,91.9100,107.1431,107.2443,2.1907,0.9887,77,1,24,5.1088,6.3988,0.0350,0.3500,PV,-594.8520,0.3569,0.0034,-1.4263,0.0000,-1756576979.5815,11205865.3394,4.3813,1.9773,2.3380,11.7695,2.3382,11.7648,0.0086,0.0463,0.0172,0.0927,17.2525,23.3116
_M574_,M574,-5704593988.0773,58474320.4824,91.9615,91.9100,107.1431,107.2443,2.1907,0.9887,77,1,25,5.1088,6.3988,0.0350,0.3500,PV,-727.5490,0.1008,0.0010,1.5630,0.0000,-581136992.8638,5956881.5653,4.3813,1.9773,2.3380,11.7695,2.3382,11.7648,0.0086,0.0463,0.0172,0.0927,17.2525,23.3116
_M574_,M574,-16230713740.3011,107037612.5847,91.9615,91.9100,107.1431,107.2443,2.1907,0.9887,77,1,26,5.1088,6.3988,0.0350,0.3500,PV,-600.5845,0.3379,0.0032,-1.5858,0.0000,-1653451270.1142,10904109.2899,4.3813,1.9773,2.3380,11.7695,2.3382,11.7648,0.0086,0.0463,0.0172,0.0927,17.2525,23.3116
_M574_,M574,-6060204700.3400,47322328.2352,91.9615,91.9100,107.1431,107.2443,2.1907,0.9887,77,1,27,5.1088,6.3988,0.0350,0.3500,PV,-771.9861,0.0661,0.0006,-0.0079,0.0000,-617363679.7037,4820808.5594,4.3813,1.9773,2.3380,11.7695,2.3382,11.7648,0.0086,0.0463,0.0172,0.0927,17.2525,23.3116
